chrom	start	end	strand	TSS_start	TSS_end	gene_name	gene_id	gene_biotype	id_type	list
chr13	18948205	19150921	+	18948205	18948206	Amph	ENSMUSG00000021314	protein_coding	CD|ND	ANCO
chr13	20794113	21036617	+	20794113	20794114	Aoah	ENSMUSG00000021322	protein_coding	CD	ANCO
chr13	43784775	43803132	+	43784775	43784776	Cd83	ENSMUSG00000015396	protein_coding	CD|ND	ANCO
chr13	54371349	54383917	+	54371349	54371350	Cplx2	ENSMUSG00000025867	protein_coding	CD	ANCO
chr13	69573449	69611442	-	69611442	69611443	Srd5a1	ENSMUSG00000021594	protein_coding	CD|OD|ND|AD	ANCO
chr13	73626911	73649843	+	73626911	73626912	Tert	ENSMUSG00000021611	protein_coding	CD|OD|ND|AD	ANCO
chr13	74692368	74808810	-	74808810	74808811	Cast	ENSMUSG00000021585	protein_coding	CD|OD|ND|AD	ANCO
chr13	96748272	96910039	+	96748272	96748273	Ankrd31	ENSMUSG00000109561	protein_coding	CD	ANCO
chr13	98839019	98926384	-	98926384	98926385	Tnpo1	ENSMUSG00000009470	protein_coding	CD|OD|ND|AD	ANCO
chr13	114452290	114458951	-	114458951	114458952	Fst	ENSMUSG00000021765	protein_coding	CD|OD|ND|AD	ANCO
chr8	31187331	31261738	+	31187331	31187332	Fut10	ENSMUSG00000046152	protein_coding	CD	ANCO
chr8	64592542	64693054	-	64693054	64693055	Cpe	ENSMUSG00000037852	protein_coding	OD|CD|ND|AD	ANCO
chr8	66679965	66688128	-	66688128	66688129	Npy5r	ENSMUSG00000044014	protein_coding	CD|AD	ANCO
chr8	66697192	66706792	+	66697192	66697193	Npy1r	ENSMUSG00000036437	protein_coding	CD|OD|ND|AD	ANCO
chr8	70302518	70312993	+	70302518	70302519	Cope	ENSMUSG00000055681	protein_coding	CD|OD|ND|AD	ANCO
chr8	70754679	70758677	+	70754679	70754680	Rab3a	ENSMUSG00000031840	protein_coding	CD	ANCO
chr8	76899442	77245012	+	76899442	76899443	Nr3c2	ENSMUSG00000031618	protein_coding	CD|OD|ND|AD	ANCO
chr8	84976910	84978718	-	84978718	84978719	Junb	ENSMUSG00000052837	protein_coding	CD|ND	ANCO
chr8	86724007	86745934	-	86745934	86745935	Siah1a	ENSMUSG00000036840	protein_coding	CD	ANCO
chr8	94772009	94782427	+	94772009	94772010	Cx3cl1	ENSMUSG00000031778	protein_coding	CD|ND	ANCO
chr8	105932003	105933862	-	105933862	105933863	Ctrl	ENSMUSG00000031896	protein_coding	CD|ND|AD	ANCO
chr8	109575128	109579172	-	109579172	109579173	Hp	ENSMUSG00000031722	protein_coding	CD|OD|ND|AD	ANCO
chr8	109990437	109999803	+	109990437	109990438	Tat	ENSMUSG00000001670	protein_coding	CD|OD|ND|AD	ANCO
chr8	111345135	111393824	-	111393824	111393825	Fa2h	ENSMUSG00000033579	protein_coding	CD|OD|ND|AD	ANCO
chr8	111536097	111626030	+	111536097	111536098	Znrf1	ENSMUSG00000033545	protein_coding	CD	ANCO
chr8	117158135	117215997	+	117158135	117158136	Gan	ENSMUSG00000052557	protein_coding	CD|ND	ANCO
chr8	122433601	122443422	-	122443422	122443423	Mvd	ENSMUSG00000006517	protein_coding	CD|ND	ANCO
chr8	125054195	125261858	+	125054195	125054196	Disc1	ENSMUSG00000043051	protein_coding	CD|OD|ND|AD	ANCO
chr12	8674134	8752581	+	8674134	8674135	Pum2	ENSMUSG00000020594	protein_coding	CD	ANCO
chr12	31265234	31329644	+	31265234	31265235	Lamb1	ENSMUSG00000002900	protein_coding	CD	ANCO
chr12	35497974	35535038	-	35535038	35535039	Ahr	ENSMUSG00000019256	protein_coding	CD|OD|ND|AD	ANCO
chr12	51593341	51605771	+	51593341	51593342	Coch	ENSMUSG00000020953	protein_coding	CD	ANCO
chr12	76937269	76962201	-	76962201	76962202	Max	ENSMUSG00000059436	protein_coding	CD|OD|ND|AD	ANCO
chr12	78861819	78887010	+	78861819	78861820	Eif2s1	ENSMUSG00000021116	protein_coding	CD|ND	ANCO
chr12	87097531	87102539	-	87102539	87102540	Ngb	ENSMUSG00000021032	protein_coding	CD|ND	ANCO
chr12	88722876	90334935	+	88722876	88722877	Nrxn3	ENSMUSG00000066392	protein_coding	CD|OD|ND|AD	ANCO
chr12	110690605	110702728	-	110702728	110702729	Hsp90aa1	ENSMUSG00000021270	protein_coding	CD|ND|AD	ANCO
chr12	116077726	116146261	+	116077726	116077727	Vipr2	ENSMUSG00000011171	protein_coding	CD|OD|ND	ANCO
chr12	116485720	117276849	+	116485720	116485721	Ptprn2	ENSMUSG00000056553	protein_coding	CD|OD|ND|AD	ANCO
chr4	3678115	3813122	+	3678115	3678116	Lyn	ENSMUSG00000042228	protein_coding	CD|ND|AD	ANCO
chr4	3870657	3872105	-	3872105	3872106	Mos	ENSMUSG00000078365	protein_coding	CD|OD|ND|AD	ANCO
chr4	42979963	43000507	-	43000507	43000508	Vcp	ENSMUSG00000028452	protein_coding	CD|ND	ANCO
chr4	44034075	44084177	-	44084177	44084178	Gne	ENSMUSG00000028479	protein_coding	CD	ANCO
chr4	86854660	86857412	-	86857412	86857413	Rps6	ENSMUSG00000028495	protein_coding	CD	ANCO
chr4	95049034	95052222	-	95052222	95052223	Jun	ENSMUSG00000052684	protein_coding	CD|OD|ND|AD	ANCO
chr4	116877376	116989264	+	116877376	116877377	Zswim5	ENSMUSG00000033948	protein_coding	CD	ANCO
chr4	117674681	117682273	-	117682273	117682274	Dmap1	ENSMUSG00000009640	protein_coding	CD	ANCO
chr4	129516104	129542713	-	129542713	129542714	Hdac1	ENSMUSG00000028800	protein_coding	CD|ND|AD	ANCO
chr4	138338424	138367992	-	138367992	138367993	Cda	ENSMUSG00000028755	protein_coding	CD|ND|AD	ANCO
chr4	148039077	148059551	+	148039077	148039078	Mthfr	ENSMUSG00000029009	protein_coding	CD|ND|AD	ANCO
chr4	148448611	148557683	+	148448611	148448612	Mtor	ENSMUSG00000028991	protein_coding	CD|ND|AD	ANCO
chr4	148591503	148594993	+	148591503	148591504	Srm	ENSMUSG00000006442	protein_coding	CD|OD|ND|AD	ANCO
chr4	149125034	149126763	-	149126763	149126764	Cort	ENSMUSG00000028971	protein_coding	CD|ND|AD	ANCO
chr1	14753346	14755992	-	14755992	14755993	Msc	ENSMUSG00000025930	protein_coding	CD|OD|ND|AD	ANCO
chr1	66700831	66719805	+	66700831	66700832	Rpe	ENSMUSG00000026005	protein_coding	CD|ND|AD	ANCO
chr1	74284930	74353694	+	74284930	74284931	Pnkd	ENSMUSG00000026179	protein_coding	CD|ND|AD	ANCO
chr1	77367185	77515088	-	77515088	77515089	Epha4	ENSMUSG00000026235	protein_coding	CD|ND	ANCO
chr1	106538178	106714274	-	106714274	106714275	Bcl2	ENSMUSG00000057329	protein_coding	CD|ND|AD	ANCO
chr1	120113280	120121078	-	120121078	120121079	Dbi	ENSMUSG00000026385	protein_coding	CD|OD|ND|AD	ANCO
chr1	120190757	120272705	-	120272705	120272706	Steap3	ENSMUSG00000026389	protein_coding	CD|ND	ANCO
chr1	133699457	133801041	-	133801041	133801042	Atp2b4	ENSMUSG00000026463	protein_coding	CD|AD	ANCO
chr1	134646677	134762593	+	134646677	134646678	Syt2	ENSMUSG00000026452	protein_coding	CD|AD	ANCO
chr1	134983301	135105276	-	135105276	135105277	Lgr6	ENSMUSG00000042793	protein_coding	CD	ANCO
chr1	164061982	164084181	+	164061982	164061983	Sell	ENSMUSG00000026581	protein_coding	CD|ND|AD	ANCO
chr1	170704674	170867771	-	170867771	170867772	Atf6	ENSMUSG00000026663	protein_coding	CD|ND	ANCO
chr1	175059087	175492500	-	175492500	175492501	Rgs7	ENSMUSG00000026527	protein_coding	CD|ND|AD	ANCO
chr1	175600374	175625635	-	175625635	175625636	Fh1	ENSMUSG00000026526	protein_coding	CD|ND|AD	ANCO
chr1	175620381	175662116	+	175620381	175620382	Kmo	ENSMUSG00000039783	protein_coding	CD|ND	ANCO
chr1	182954788	182976044	+	182954788	182954789	Tlr5	ENSMUSG00000079164	protein_coding	CD|ND	ANCO
chr1	195097382	195131586	-	195131586	195131587	Cr1l	ENSMUSG00000016481	protein_coding	CD|ND	ANCO
chr1	195136811	195176716	-	195176716	195176717	Cr2	ENSMUSG00000026616	protein_coding	CD|ND	ANCO
chr6	14713977	14755274	-	14755274	14755275	Ppp1r3a	ENSMUSG00000042717	protein_coding	CD	ANCO
chr6	17065149	17105828	+	17065149	17065150	Tes	ENSMUSG00000029552	protein_coding	CD|OD|ND|AD	ANCO
chr6	17306335	17341452	+	17306335	17306336	Cav1	ENSMUSG00000007655	protein_coding	CD|ND|AD	ANCO
chr6	41686330	41704339	-	41704339	41704340	Kel	ENSMUSG00000029866	protein_coding	CD|ND	ANCO
chr6	70844515	70905245	+	70844515	70844516	Eif2ak3	ENSMUSG00000031668	protein_coding	CD|ND	ANCO
chr6	71909053	71984935	+	71909053	71909054	Polr1a	ENSMUSG00000049553	protein_coding	CD	ANCO
chr6	80018877	80810143	+	80018877	80018878	Lrrtm4	ENSMUSG00000052581	protein_coding	CD	ANCO
chr6	84571414	84593908	-	84593908	84593909	Cyp26b1	ENSMUSG00000063415	protein_coding	CD	ANCO
chr6	85130176	85137766	-	85137766	85137767	Spr	ENSMUSG00000033735	protein_coding	CD|OD|ND	ANCO
chr6	92242061	92244650	-	92244650	92244651	Trh	ENSMUSG00000005892	protein_coding	CD|OD|ND|AD	ANCO
chr6	112473683	112489943	-	112489943	112489944	Oxtr	ENSMUSG00000049112	protein_coding	CD|ND|AD	ANCO
chr6	115931748	115940036	+	115931748	115931749	Rho	ENSMUSG00000030324	protein_coding	CD|OD|ND|AD	ANCO
chr6	117168535	117181367	+	117168535	117168536	Cxcl12	ENSMUSG00000061353	protein_coding	CD|ND|AD	ANCO
chr6	118587240	119196890	-	119196890	119196891	Cacna1c	ENSMUSG00000051331	protein_coding	CD|ND|AD	ANCO
chr6	120891930	120916853	-	120916853	120916854	Bid	ENSMUSG00000004446	protein_coding	CD|OD|ND|AD	ANCO
chr6	124864692	124888221	-	124888221	124888222	Cd4	ENSMUSG00000023274	protein_coding	CD|OD|ND|AD	ANCO
chr6	125215551	125245964	+	125215551	125215552	Vamp1	ENSMUSG00000030337	protein_coding	CD	ANCO
chr6	125546774	125686679	+	125546774	125546775	Vwf	ENSMUSG00000001930	protein_coding	CD|ND|AD	ANCO
chr6	131486400	131553763	+	131486400	131486401	5430401F13Rik	ENSMUSG00000094113	protein_coding	CD|ND|AD	ANCO
chr6	135713233	136173511	-	136173511	136173512	Grin2b	ENSMUSG00000030209	protein_coding	CD|OD|ND|AD	ANCO
chr16	5885355	7411526	+	5885355	5885356	Rbfox1	ENSMUSG00000008658	protein_coding	CD|ND|AD	ANCO
chr16	9567898	9995560	-	9995560	9995561	Grin2a	ENSMUSG00000059003	protein_coding	CD|OD|ND|AD	ANCO
chr16	24393507	24992578	+	24393507	24393508	Lpp	ENSMUSG00000033306	protein_coding	CD|OD|ND|AD	ANCO
chr16	52248996	52454074	-	52454074	52454075	Alcam	ENSMUSG00000022636	protein_coding	CD|ND	ANCO
chr16	59653483	60605531	-	60605531	60605532	Epha6	ENSMUSG00000055540	protein_coding	CD|ND|AD	ANCO
chr16	70313949	70569716	+	70313949	70313950	Gbe1	ENSMUSG00000022707	protein_coding	CD|ND	ANCO
chr16	91647506	91679221	+	91647506	91647507	Son	ENSMUSG00000022961	protein_coding	CD|ND|AD	ANCO
chr16	95359169	95586593	-	95586593	95586594	Erg	ENSMUSG00000040732	protein_coding	CD|ND|AD	ANCO
chr14	11280735	11356726	-	11356726	11356727	Gm3839	ENSMUSG00000097148	protein_coding	CD|ND|AD	ANCO
chr14	20319852	20348121	-	20348121	20348122	Ecd	ENSMUSG00000021810	protein_coding	CD|ND|AD	ANCO
chr14	26994416	27002329	+	26994416	26994417	Hesx1	ENSMUSG00000040726	protein_coding	CD|ND	ANCO
chr14	32408203	32465989	-	32465989	32465990	Chat	ENSMUSG00000021919	protein_coding	CD|ND|AD	ANCO
chr14	43818765	43875517	-	43875517	43875518	Ear1	ENSMUSG00000072601	protein_coding	CD|ND	ANCO
chr14	48657677	48673819	-	48673819	48673820	Otx2	ENSMUSG00000021848	protein_coding	CD|ND	ANCO
chr14	54916535	54926126	-	54926126	54926127	Efs	ENSMUSG00000022203	protein_coding	CD|ND|AD	ANCO
chr14	73183673	73325822	-	73325822	73325823	Rb1	ENSMUSG00000022105	protein_coding	CD|ND|AD	ANCO
chr14	79766775	79771312	-	79771312	79771313	Pcdh8	ENSMUSG00000036422	protein_coding	CD	ANCO
chr14	103046977	103056573	+	103046977	103046978	Acod1	ENSMUSG00000022126	protein_coding	CD|OD|ND|AD	ANCO
chr14	103113411	103346814	-	103346814	103346815	Mycbp2	ENSMUSG00000033004	protein_coding	CD|OD|ND|AD	ANCO
chr2	3570488	3782142	+	3570488	3570489	Fam107b	ENSMUSG00000026655	protein_coding	CD|AD	ANCO
chr2	13076821	13271415	-	13271415	13271416	Rsu1	ENSMUSG00000026727	protein_coding	CD	ANCO
chr2	13509014	13544668	-	13544668	13544669	Trdmt1	ENSMUSG00000026723	protein_coding	CD	ANCO
chr2	27445579	27507662	-	27507662	27507663	Brd3	ENSMUSG00000026918	protein_coding	CD|ND	ANCO
chr2	32787602	32847245	-	32847245	32847246	Stxbp1	ENSMUSG00000026797	protein_coding	CD	ANCO
chr2	60598292	60722643	-	60722643	60722644	Itgb6	ENSMUSG00000026971	protein_coding	CD|ND	ANCO
chr2	84980461	84983632	+	84980461	84980462	Prg2	ENSMUSG00000027073	protein_coding	CD|ND|AD	ANCO
chr2	91625320	91636414	-	91636414	91636415	F2	ENSMUSG00000027249	protein_coding	CD|ND|AD	ANCO
chr2	91730134	91918849	+	91730134	91730135	Ambra1	ENSMUSG00000040506	protein_coding	OD|CD	ANCO
chr2	91932824	91975864	-	91975864	91975865	Dgkz	ENSMUSG00000040479	protein_coding	OD|CD	ANCO
chr2	92403646	92434043	-	92434043	92434044	Cry2	ENSMUSG00000068742	protein_coding	CD|ND|AD	ANCO
chr2	101638282	101649501	-	101649501	101649502	Rag1	ENSMUSG00000061311	protein_coding	CD|ND	ANCO
chr2	103453849	103485160	-	103485160	103485161	Cat	ENSMUSG00000027187	protein_coding	CD|OD|ND|AD	ANCO
chr2	120089175	120154606	-	120154606	120154607	Ehd4	ENSMUSG00000027293	protein_coding	CD|ND	ANCO
chr2	129364570	129371139	-	129371139	129371140	Il1b	ENSMUSG00000027398	protein_coding	CD|OD|ND|AD	ANCO
chr2	130576173	130577054	+	130576173	130576174	Oxt	ENSMUSG00000027301	protein_coding	CD|ND|AD	ANCO
chr2	132249162	132253314	-	132253314	132253315	Pcna	ENSMUSG00000027342	protein_coding	CD|ND|AD	ANCO
chr2	132904389	132945906	-	132945906	132945907	Fermt1	ENSMUSG00000027356	protein_coding	CD	ANCO
chr2	136713453	136782428	+	136713453	136713454	Snap25	ENSMUSG00000027273	protein_coding	CD|ND	ANCO
chr2	151590549	151632593	-	151632593	151632594	Snph	ENSMUSG00000027457	protein_coding	CD	ANCO
chr2	153649450	153687730	+	153649450	153649451	Dnmt3b	ENSMUSG00000027478	protein_coding	CD|ND	ANCO
chr2	153938221	153964101	+	153938221	153938222	Bpifb4	ENSMUSG00000074665	protein_coding	CD	ANCO
chr2	155133509	155226855	+	155133509	155133510	Itch	ENSMUSG00000027598	protein_coding	CD|ND|AD	ANCO
chr2	157418444	157471862	+	157418444	157418445	Src	ENSMUSG00000027646	protein_coding	CD|OD|ND|AD	ANCO
chr2	164940780	164955850	+	164940780	164940781	Mmp9	ENSMUSG00000017737	protein_coding	CD|ND	ANCO
chr2	180036374	180042433	-	180042433	180042434	Psma7	ENSMUSG00000027566	protein_coding	CD|OD|ND|AD	ANCO
chr2	180499976	180544980	+	180499976	180499977	Ntsr1	ENSMUSG00000027568	protein_coding	CD|ND	ANCO
chr19	4286001	4306222	-	4306222	4306223	Grk2	ENSMUSG00000024858	protein_coding	CD	ANCO
chr19	4510472	4621752	+	4510472	4510473	Pcx	ENSMUSG00000024892	protein_coding	CD|OD|ND|AD	ANCO
chr19	4825366	4839332	-	4839332	4839333	Ccs	ENSMUSG00000034108	protein_coding	CD|ND|AD	ANCO
chr19	4984355	4990316	-	4990316	4990317	Npas4	ENSMUSG00000045903	protein_coding	CD|ND	ANCO
chr19	6941861	6951899	+	6941861	6941862	Bad	ENSMUSG00000024959	protein_coding	CD|OD|ND|AD	ANCO
chr19	20492715	20643465	+	20492715	20492716	Aldh1a1	ENSMUSG00000053279	protein_coding	CD|ND|AD	ANCO
chr19	29251828	29313080	+	29251828	29251829	Jak2	ENSMUSG00000024789	protein_coding	CD|ND	ANCO
chr19	30232942	30239687	+	30232942	30232943	Mbl2	ENSMUSG00000024863	protein_coding	CD|ND	ANCO
chr19	34290666	34327772	+	34290666	34290667	Fas	ENSMUSG00000024778	protein_coding	CD|OD|ND|AD	ANCO
chr19	37697798	37701536	+	37697798	37697799	Cyp26a1	ENSMUSG00000024987	protein_coding	CD|ND	ANCO
chr19	46312087	46327156	-	46327156	46327157	Psd	ENSMUSG00000037126	protein_coding	CD|OD|ND|AD	ANCO
chr19	55316295	55627309	+	55316295	55316296	Vti1a	ENSMUSG00000024983	protein_coding	CD|ND	ANCO
chr19	60889749	61095968	+	60889749	60889750	Grk5	ENSMUSG00000003228	protein_coding	OD|CD|AD	ANCO
chr18	15389496	15410982	-	15410982	15410983	Aqp4	ENSMUSG00000024411	protein_coding	CD|OD|ND|AD	ANCO
chr18	24708623	25133501	+	24708623	24708624	Fhod3	ENSMUSG00000034295	protein_coding	CD	ANCO
chr18	38327535	38339003	-	38339003	38339004	Gnpda1	ENSMUSG00000052102	protein_coding	CD|OD|ND|AD	ANCO
chr18	65872820	65886596	+	65872820	65872821	Grp	ENSMUSG00000024517	protein_coding	CD|OD|ND|AD	ANCO
chr18	65955722	65970237	-	65970237	65970238	Cplx4	ENSMUSG00000024519	protein_coding	CD	ANCO
chr7	4363965	4397744	-	4397744	4397745	Gp6	ENSMUSG00000078810	protein_coding	CD|ND	ANCO
chr7	16098458	16117975	+	16098458	16098459	Napa	ENSMUSG00000006024	protein_coding	CD|ND	ANCO
chr7	19696109	19699188	-	19699188	19699189	Apoe	ENSMUSG00000002985	protein_coding	CD|ND|AD	ANCO
chr7	30434982	30445535	-	30445535	30445536	Aplp1	ENSMUSG00000006651	protein_coding	CD	ANCO
chr7	30899176	30914873	-	30914873	30914874	Mag	ENSMUSG00000036634	protein_coding	CD|ND|AD	ANCO
chr7	44975989	44986568	-	44986568	44986569	Prmt1	ENSMUSG00000109324	protein_coding	CD	ANCO
chr7	45461697	45466898	-	45466898	45466899	Bax	ENSMUSG00000003873	protein_coding	CD|OD|ND|AD	ANCO
chr7	45705088	45710203	+	45705088	45705089	Dbp	ENSMUSG00000059824	protein_coding	CD|OD|ND|AD	ANCO
chr7	46093953	46100764	-	46100764	46100765	Kcnj11	ENSMUSG00000096146	protein_coding	CD|ND	ANCO
chr7	56716465	57387188	-	57387188	57387189	Gabrg3	ENSMUSG00000055026	protein_coding	CD|AD	ANCO
chr7	57419692	57828802	+	57419692	57419693	Gabrb3	ENSMUSG00000033676	protein_coding	CD|ND|AD	ANCO
chr7	87424771	87493512	-	87493512	87493513	Tyr	ENSMUSG00000004651	protein_coding	CD|OD|ND|AD	ANCO
chr7	113385580	113388570	-	113388570	113388571	Pth	ENSMUSG00000059077	protein_coding	CD|OD|ND|AD	ANCO
chr7	125878420	126082411	-	126082411	126082412	Gsg1l	ENSMUSG00000046182	protein_coding	OD|CD	ANCO
chr7	126408450	126414889	-	126414889	126414890	Cd19	ENSMUSG00000030724	protein_coding	CD|ND|AD	ANCO
chr7	127893063	127895617	-	127895617	127895618	Vkorc1	ENSMUSG00000096145	protein_coding	CD|ND|AD	ANCO
chr7	140763739	140774987	+	140763739	140763740	Cyp2e1	ENSMUSG00000025479	protein_coding	CD|ND|AD	ANCO
chr7	142678656	142743381	-	142743381	142743382	Ins2	ENSMUSG00000000215	protein_coding	CD|OD|ND|AD	ANCO
chr7	142892752	142931128	-	142931128	142931129	Th	ENSMUSG00000000214	protein_coding	CD|OD|ND|AD	ANCO
chr7	143557230	143600090	-	143600090	143600091	Cars	ENSMUSG00000010755	protein_coding	CD|ND|AD	ANCO
chr7	144577318	144582463	-	144582463	144582464	Fadd	ENSMUSG00000031077	protein_coding	CD|OD|ND	ANCO
chr3	14766216	14808368	-	14808368	14808369	Car1	ENSMUSG00000027556	protein_coding	CD|OD|ND|AD	ANCO
chr3	14863512	14872523	+	14863512	14863513	Car3	ENSMUSG00000027559	protein_coding	CD|OD|ND|AD	ANCO
chr3	14886273	14900770	+	14886273	14886274	Car2	ENSMUSG00000027562	protein_coding	CD|OD|ND|AD	ANCO
chr3	19957054	20009145	+	19957054	19957055	Cp	ENSMUSG00000003617	protein_coding	CD|OD|ND|AD	ANCO
chr3	25426215	26332460	-	26332460	26332461	Nlgn1	ENSMUSG00000063887	protein_coding	CD	ANCO
chr3	34650405	34652461	+	34650405	34650406	Sox2	ENSMUSG00000074637	protein_coding	CD|OD|ND|AD	ANCO
chr3	72888557	72967863	-	72967863	72967864	Sis	ENSMUSG00000027790	protein_coding	CD|OD|ND|AD	ANCO
chr3	83836272	83841767	-	83841767	83841768	Tlr2	ENSMUSG00000027995	protein_coding	CD|OD|ND|AD	ANCO
chr3	89831370	89858834	+	89831370	89831371	She	ENSMUSG00000046280	protein_coding	CD|OD|ND|AD	ANCO
chr3	93555080	93564643	+	93555080	93555081	S100a10	ENSMUSG00000041959	protein_coding	CD|ND|AD	ANCO
chr3	98280435	98310738	+	98280435	98280436	Hmgcs2	ENSMUSG00000027875	protein_coding	CD	ANCO
chr3	108424865	108445209	-	108445209	108445210	Sars	ENSMUSG00000068739	protein_coding	CD|ND	ANCO
chr3	121723537	121735048	+	121723537	121723538	F3	ENSMUSG00000028128	protein_coding	CD|ND|AD	ANCO
chr3	129835884	129875332	+	129835884	129835885	Cfi	ENSMUSG00000058952	protein_coding	CD|OD|ND|AD	ANCO
chr3	135584655	135691547	-	135691547	135691548	Nfkb1	ENSMUSG00000028163	protein_coding	CD|ND|AD	ANCO
chr3	138415466	138430892	+	138415466	138415467	Adh4	ENSMUSG00000037797	protein_coding	CD|OD|ND|AD	ANCO
chr3	144188530	144205220	-	144205220	144205221	Lmo4	ENSMUSG00000028266	protein_coding	CD	ANCO
chr3	159839672	159938664	+	159839672	159839673	Wls	ENSMUSG00000028173	protein_coding	CD|OD|ND|AD	ANCO
chr15	4988762	5063740	-	5063740	5063741	C7	ENSMUSG00000079105	protein_coding	CD|ND|AD	ANCO
chr15	25843180	25973687	+	25843180	25843181	Retreg1	ENSMUSG00000022270	protein_coding	CD|AD	ANCO
chr15	39198261	39684372	+	39198261	39198262	Rims2	ENSMUSG00000037386	protein_coding	CD	ANCO
chr15	47580637	48792063	-	48792063	48792064	Csmd3	ENSMUSG00000022311	protein_coding	CD|AD	ANCO
chr15	54571192	54602847	+	54571192	54571193	Mal2	ENSMUSG00000024479	protein_coding	CD|ND	ANCO
chr15	54745702	54754039	+	54745702	54745703	Ccn3	ENSMUSG00000037362	protein_coding	CD|ND|AD	ANCO
chr15	55112317	55259271	+	55112317	55112318	Deptor	ENSMUSG00000022419	protein_coding	CD	ANCO
chr15	64086857	64382919	-	64382919	64382920	Asap1	ENSMUSG00000022377	protein_coding	CD|AD	ANCO
chr15	66670753	66850721	+	66670753	66670754	Tg	ENSMUSG00000053469	protein_coding	CD|OD|ND|AD	ANCO
chr15	77015487	77050670	-	77050670	77050671	Mb	ENSMUSG00000018893	protein_coding	CD|OD|ND|AD	ANCO
chr15	78399556	78405907	-	78405907	78405908	Tst	ENSMUSG00000044986	protein_coding	CD|OD|ND|AD	ANCO
chr15	79154908	79165240	-	79165240	79165241	Sox10	ENSMUSG00000033006	protein_coding	CD|OD|ND	ANCO
chr15	79229173	79249484	+	79229173	79229174	Pick1	ENSMUSG00000068206	protein_coding	CD	ANCO
chr15	79417856	79455566	-	79455566	79455567	Csnk1e	ENSMUSG00000022433	protein_coding	CD|ND	ANCO
chr15	80255184	80257541	+	80255184	80255185	Atf4	ENSMUSG00000042406	protein_coding	CD|ND|AD	ANCO
chr15	81012281	81190757	-	81190757	81190758	Mrtfa	ENSMUSG00000042292	protein_coding	CD|OD|ND|AD	ANCO
chr15	82433437	82456845	+	82433437	82433438	Cyp2d9	ENSMUSG00000068086	protein_coding	CD|OD|ND|AD	ANCO
chr15	88687034	88734233	-	88734233	88734234	Brd1	ENSMUSG00000022387	protein_coding	CD	ANCO
chr15	92051165	92341967	+	92051165	92051166	Cntn1	ENSMUSG00000055022	protein_coding	CD|OD|ND|AD	ANCO
chr15	101224188	101232756	+	101224188	101224189	Grasp	ENSMUSG00000000531	protein_coding	CD|ND|AD	ANCO
chr15	101793308	101802346	-	101802346	101802347	Krt73	ENSMUSG00000063661	protein_coding	CD	ANCO
chr17	12648869	12675829	-	12675829	12675830	Slc22a1	ENSMUSG00000023829	protein_coding	CD|ND	ANCO
chr17	34112023	34122634	-	34122634	34122635	Brd2	ENSMUSG00000024335	protein_coding	CD	ANCO
chr17	35199381	35202007	-	35202007	35202008	Tnf	ENSMUSG00000024401	protein_coding	CD|OD|ND|AD	ANCO
chr17	37010743	37023398	-	37023398	37023399	Mog	ENSMUSG00000076439	protein_coding	CD|AD	ANCO
chr17	45567775	45573271	-	45573271	45573272	Hsp90ab1	ENSMUSG00000023944	protein_coding	CD	ANCO
chr17	57203970	57228136	-	57228136	57228137	C3	ENSMUSG00000024164	protein_coding	CD|OD|ND|AD	ANCO
chr17	57358691	57483527	+	57358691	57358692	Adgre1	ENSMUSG00000004730	protein_coding	CD|AD	ANCO
chr17	67842713	68004120	-	68004120	68004121	Arhgap28	ENSMUSG00000024043	protein_coding	OD|CD|AD	ANCO
chr17	71868972	72604627	-	72604627	72604628	Alk	ENSMUSG00000055471	protein_coding	CD|ND|AD	ANCO
chr17	74425438	74459142	-	74459142	74459143	Nlrc4	ENSMUSG00000039193	protein_coding	CD	ANCO
chr17	86167785	86657919	+	86167785	86167786	Prkce	ENSMUSG00000045038	protein_coding	CD|ND	ANCO
chr11	4257557	4272514	+	4257557	4257558	Lif	ENSMUSG00000034394	protein_coding	CD|ND|AD	ANCO
chr11	11814101	11898144	-	11898144	11898145	Ddc	ENSMUSG00000020182	protein_coding	CD|ND|AD	ANCO
chr11	23736847	23770970	-	23770970	23770971	Rel	ENSMUSG00000020275	protein_coding	CD|ND|AD	ANCO
chr11	46193850	46312859	-	46312859	46312860	Cyfip2	ENSMUSG00000020340	protein_coding	CD	ANCO
chr11	53983123	54028090	-	54028090	54028091	Slc22a4	ENSMUSG00000020334	protein_coding	CD|ND|AD	ANCO
chr11	61207537	61218421	+	61207537	61207538	Aldh3a1	ENSMUSG00000019102	protein_coding	CD|ND|AD	ANCO
chr11	69088490	69092384	+	69088490	69088491	Vamp2	ENSMUSG00000020894	protein_coding	CD|ND|AD	ANCO
chr11	73234292	73261242	+	73234292	73234293	Trpv1	ENSMUSG00000005952	protein_coding	CD|OD|ND|AD	ANCO
chr11	75679259	75706908	+	75679259	75679260	Crk	ENSMUSG00000017776	protein_coding	CD|ND	ANCO
chr11	76416734	76623558	-	76623558	76623559	Abr	ENSMUSG00000017631	protein_coding	CD|ND|AD	ANCO
chr11	78328415	78342782	+	78328415	78328416	Pigs	ENSMUSG00000041958	protein_coding	CD|OD|ND|AD	ANCO
chr11	80477023	80481184	+	80477023	80477024	Cdk5r1	ENSMUSG00000048895	protein_coding	CD	ANCO
chr11	82035571	82037453	+	82035571	82035572	Ccl2	ENSMUSG00000035385	protein_coding	CD|OD|ND|AD	ANCO
chr11	87592162	87616302	+	87592162	87592163	Mtmr4	ENSMUSG00000018401	protein_coding	CD	ANCO
chr11	87617164	87659542	+	87617164	87617165	Hsf5	ENSMUSG00000070345	protein_coding	CD	ANCO
chr11	87662722	87735539	+	87662722	87662723	Rnf43	ENSMUSG00000034177	protein_coding	CD	ANCO
chr11	87793581	87804413	+	87793581	87793582	Mpo	ENSMUSG00000009350	protein_coding	CD|ND|AD	ANCO
chr11	88970252	88991613	+	88970252	88970253	Coil	ENSMUSG00000033983	protein_coding	CD|ND|AD	ANCO
chr11	98383811	98384953	+	98383811	98383812	Tcap	ENSMUSG00000007877	protein_coding	CD|AD	ANCO
chr11	100574904	100591729	+	100574904	100574905	Cnp	ENSMUSG00000006782	protein_coding	CD|ND|AD	ANCO
chr11	101285952	101302286	-	101302286	101302287	Becn1	ENSMUSG00000035086	protein_coding	CD|OD|ND	ANCO
chr11	105967945	105989964	+	105967945	105967946	Ace	ENSMUSG00000020681	protein_coding	CD|OD|ND|AD	ANCO
chr11	106394650	106487852	-	106487852	106487853	Ern1	ENSMUSG00000020715	protein_coding	CD|ND	ANCO
chr5	29569242	29676092	+	29569242	29569243	Ube3c	ENSMUSG00000039000	protein_coding	OD|CD	ANCO
chr5	30013114	30019981	+	30013114	30013115	Il6	ENSMUSG00000025746	protein_coding	CD|ND|AD	ANCO
chr5	31138063	31138829	-	31138829	31138830	Ucn	ENSMUSG00000038676	protein_coding	CD|AD	ANCO
chr5	32135801	32157842	+	32135801	32135802	Fosl2	ENSMUSG00000029135	protein_coding	CD	ANCO
chr5	34761740	34912534	+	34761740	34761741	Htt	ENSMUSG00000029104	protein_coding	CD|OD|ND|AD	ANCO
chr5	35278319	35281763	+	35278319	35278320	Adra2c	ENSMUSG00000045318	protein_coding	CD|ND|AD	ANCO
chr5	38319367	38322518	+	38319367	38319368	Drd5	ENSMUSG00000039358	protein_coding	CD|ND|AD	ANCO
chr5	64156305	64351486	+	64156305	64156306	Tbc1d1	ENSMUSG00000029174	protein_coding	CD	ANCO
chr5	66298703	66618784	-	66618784	66618785	Apbb2	ENSMUSG00000029207	protein_coding	OD|CD	ANCO
chr5	74592447	74702912	-	74702912	74702913	Lnx1	ENSMUSG00000029228	protein_coding	CD|AD	ANCO
chr5	75574916	75656722	+	75574916	75574917	Kit	ENSMUSG00000005672	protein_coding	CD|OD|ND|AD	ANCO
chr5	76312115	76331156	-	76331156	76331157	Pdcl2	ENSMUSG00000029235	protein_coding	OD|CD	ANCO
chr5	76333495	76363788	-	76363788	76363789	Nmu	ENSMUSG00000029236	protein_coding	CD|OD|ND	ANCO
chr5	77349240	77408041	-	77408041	77408042	Igfbp7	ENSMUSG00000036256	protein_coding	CD|OD|ND|AD	ANCO
chr5	84054761	84417382	-	84417382	84417383	Epha5	ENSMUSG00000029245	protein_coding	CD|AD	ANCO
chr5	89417522	89457898	-	89457898	89457899	Gc	ENSMUSG00000035540	protein_coding	CD|OD|ND|AD	ANCO
chr5	91357261	91402994	-	91402994	91402995	Btc	ENSMUSG00000082361	protein_coding	CD|ND	ANCO
chr5	107331159	107387058	+	107331159	107331160	Brdt	ENSMUSG00000029279	protein_coding	CD|ND	ANCO
chr5	108518554	108550024	-	108550024	108550025	Cplx1	ENSMUSG00000033615	protein_coding	CD	ANCO
chr5	110286306	110337474	+	110286306	110286307	Pole	ENSMUSG00000007080	protein_coding	CD|ND|AD	ANCO
chr5	115845278	116008947	+	115845278	115845279	Cit	ENSMUSG00000029516	protein_coding	CD|OD|ND|AD	ANCO
chr5	121566027	121593824	-	121593824	121593825	Aldh2	ENSMUSG00000029455	protein_coding	CD|OD|ND|AD	ANCO
chr5	128757791	128953486	-	128953486	128953487	Rimbp2	ENSMUSG00000029420	protein_coding	CD|ND|AD	ANCO
chr5	129020069	129024323	+	129020069	129020070	Ran	ENSMUSG00000029430	protein_coding	CD|OD|ND|AD	ANCO
chr5	130245731	130255530	-	130255530	130255531	Sbds	ENSMUSG00000025337	protein_coding	CD|OD|ND|AD	ANCO
chr5	134600022	134615025	-	134615025	134615026	Lat2	ENSMUSG00000040751	protein_coding	CD|ND	ANCO
chr5	135023482	135051100	+	135023482	135023483	Stx1a	ENSMUSG00000007207	protein_coding	CD|AD	ANCO
chr5	137287519	137294466	+	137287519	137287520	Ache	ENSMUSG00000023328	protein_coding	CD|OD|ND|AD	ANCO
chr5	137350109	137378669	+	137350109	137350110	Ephb4	ENSMUSG00000029710	protein_coding	CD|ND	ANCO
chr5	137892932	137921619	-	137921619	137921620	Cyp3a13	ENSMUSG00000029727	protein_coding	CD|OD|ND|AD	ANCO
chr10	5639218	5647617	+	5639218	5639219	Vip	ENSMUSG00000019772	protein_coding	CD|ND|AD	ANCO
chr10	24595442	24598683	+	24595442	24595443	Ccn2	ENSMUSG00000019997	protein_coding	CD|ND	ANCO
chr10	39368855	39565381	+	39368855	39368856	Fyn	ENSMUSG00000019843	protein_coding	CD|OD|ND|AD	ANCO
chr10	39612934	39655307	+	39612934	39612935	Traf3ip2	ENSMUSG00000019842	protein_coding	CD|ND	ANCO
chr10	43950636	44148853	-	44148853	44148854	Crybg1	ENSMUSG00000019866	protein_coding	CD	ANCO
chr10	44268358	44364291	+	44268358	44268359	Atg5	ENSMUSG00000038160	protein_coding	CD|ND|AD	ANCO
chr10	60181532	60219260	-	60219260	60219261	Chst3	ENSMUSG00000057337	protein_coding	CD	ANCO
chr10	60277627	60302597	+	60277627	60277628	Psap	ENSMUSG00000004207	protein_coding	CD|AD	ANCO
chr10	61417972	61425338	+	61417972	61417973	Nodal	ENSMUSG00000037171	protein_coding	CD|ND|AD	ANCO
chr10	63319005	63381704	-	63381704	63381705	Sirt1	ENSMUSG00000020063	protein_coding	CD|ND|AD	ANCO
chr10	69335146	69352938	-	69352938	69352939	Cdk1	ENSMUSG00000019942	protein_coding	CD|ND	ANCO
chr10	69398773	70027438	+	69398773	69398774	Ank3	ENSMUSG00000069601	protein_coding	CD|ND|AD	ANCO
chr10	75771230	75773414	-	75773414	75773415	Ddt	ENSMUSG00000001666	protein_coding	CD|ND|AD	ANCO
chr10	78030022	78043610	-	78043610	78043611	Aire	ENSMUSG00000000731	protein_coding	CD|ND	ANCO
chr10	81176631	81182498	+	81176631	81176632	Eef2	ENSMUSG00000034994	protein_coding	CD	ANCO
chr10	81559488	81566362	+	81559488	81559489	Tle5	ENSMUSG00000054452	protein_coding	CD|OD|ND|AD	ANCO
chr10	93488768	93519304	+	93488768	93488769	Hal	ENSMUSG00000020017	protein_coding	CD|ND	ANCO
chr10	102481756	102490486	-	102490486	102490487	Nts	ENSMUSG00000019890	protein_coding	CD|OD|ND|AD	ANCO
chr10	119453830	120087261	+	119453830	119453831	Grip1	ENSMUSG00000034813	protein_coding	CD|AD	ANCO
chr10	127063534	127067920	+	127063534	127063535	Cdk4	ENSMUSG00000006728	protein_coding	CD|ND|AD	ANCO
chr10	127290774	127296288	+	127290774	127290775	Ddit3	ENSMUSG00000025408	protein_coding	CD|ND	ANCO
chr10	127290829	127293753	+	127290774	127290775	Ddit3	ENSMUSG00000116429	protein_coding	CD|ND	ANCO
chr10	127296221	127311786	-	127311786	127311787	Mars1	ENSMUSG00000040354	protein_coding	CD|ND|AD	ANCO
chr10	128337734	128362479	+	128337734	128337735	Cs	ENSMUSG00000005683	protein_coding	CD|OD|ND|AD	ANCO
chrX	7573644	7595245	+	7573644	7573645	Foxp3	ENSMUSG00000039521	protein_coding	CD|ND|AD	ANCO
chrX	7638471	7653256	+	7638471	7638472	Syp	ENSMUSG00000031144	protein_coding	CD	ANCO
chrX	10252305	10321024	+	10252305	10252306	Otc	ENSMUSG00000031173	protein_coding	CD|OD|ND|AD	ANCO
chrX	59062145	59568071	-	59568071	59568072	Fgf13	ENSMUSG00000031137	protein_coding	CD|ND	ANCO
chrX	60891366	60893430	-	60893430	60893431	Sox3	ENSMUSG00000045179	protein_coding	CD|ND	ANCO
chrX	70343069	70365084	-	70365084	70365085	Ids	ENSMUSG00000035847	protein_coding	CD|ND|AD	ANCO
chrX	98148769	98323215	+	98148769	98148770	Ar	ENSMUSG00000046532	protein_coding	CD|OD|ND|AD	ANCO
chrX	101299168	101325963	+	101299168	101299169	Nlgn3	ENSMUSG00000031302	protein_coding	CD	ANCO
chrX	161833296	162159730	-	162159730	162159731	Nhs	ENSMUSG00000059493	protein_coding	CD|OD|ND|AD	ANCO
chrX	164269371	164373011	+	164269371	164269372	Pir	ENSMUSG00000031379	protein_coding	CD|ND|AD	ANCO
chr9	20907209	20959888	-	20959888	20959889	Dnmt1	ENSMUSG00000004099	protein_coding	CD|ND|AD	ANCO
chr9	22126727	22135711	-	22135711	22135712	Acp5	ENSMUSG00000001348	protein_coding	CD|ND|AD	ANCO
chr9	40894849	40964118	-	40964118	40964119	Jhy	ENSMUSG00000032023	protein_coding	CD	ANCO
chr9	48899213	48911099	-	48911099	48911100	Htr3a	ENSMUSG00000032269	protein_coding	CD|OD|ND|AD	ANCO
chr9	48935008	48964990	-	48964990	48964991	Htr3b	ENSMUSG00000008590	protein_coding	CD|ND|AD	ANCO
chr9	49502136	49798925	-	49798925	49798926	Ncam1	ENSMUSG00000039542	protein_coding	CD|OD|ND|AD	ANCO
chr9	53439149	53536740	-	53536740	53536741	Atm	ENSMUSG00000034218	protein_coding	CD|ND|AD	ANCO
chr9	57599992	57606281	-	57606281	57606282	Cplx3	ENSMUSG00000039714	protein_coding	CD	ANCO
chr9	57676937	57683703	-	57683703	57683704	Cyp1a2	ENSMUSG00000032310	protein_coding	CD|OD|ND|AD	ANCO
chr9	71478437	71485935	-	71485935	71485936	Polr2m	ENSMUSG00000032199	protein_coding	CD|AD	ANCO
chr9	73007419	73040378	-	73040378	73040379	Pigb	ENSMUSG00000079469	protein_coding	CD	ANCO
chr9	78430526	78443237	-	78443237	78443238	Cgas	ENSMUSG00000032344	protein_coding	CD|ND	ANCO
chr9	86581371	86695953	-	86695953	86695954	Me1	ENSMUSG00000032418	protein_coding	CD	ANCO
chr9	95705082	95750375	-	95750375	95750376	Trpc1	ENSMUSG00000032839	protein_coding	CD|ND|AD	ANCO
chr9	106222598	106226883	+	106222598	106222599	Tlr9	ENSMUSG00000045322	protein_coding	CD|OD|ND|AD	ANCO
chr9	109847379	109849617	-	109849617	109849618	Camp	ENSMUSG00000038357	protein_coding	CD|OD|ND|AD	ANCO
chr9	120149707	120181484	+	120149707	120149708	Mobp	ENSMUSG00000032517	protein_coding	CD|AD	ANCO
chr9	121489824	121495694	-	121495694	121495695	Cck	ENSMUSG00000032532	protein_coding	CD|OD|ND|AD	ANCO
chr9	124121543	124147699	+	124121543	124121544	Ccr5	ENSMUSG00000079227	protein_coding	CD|OD|ND|AD	ANCO
chr13	27259436	27276667	+	27259436	27259437	Prl3a1	ENSMUSG00000038883	protein_coding	CD|ND|AD	ANCO, DisGeNet
chr13	54051183	54055705	-	54055705	54055706	Drd1	ENSMUSG00000021478	protein_coding	CD|OD|ND|AD	ANCO, DisGeNet
chr13	58806569	59133970	+	58806569	58806570	Ntrk2	ENSMUSG00000055254	protein_coding	CD|ND|AD	ANCO, DisGeNet
chr13	73536747	73578672	+	73536747	73536748	Slc6a3	ENSMUSG00000021609	protein_coding	CD|OD|ND|AD	ANCO, DisGeNet
chr13	93299635	93405129	+	93299635	93299636	Homer1	ENSMUSG00000007617	protein_coding	CD|AD	ANCO, DisGeNet
chr13	95431371	95444924	-	95444924	95444925	Crhbp	ENSMUSG00000021680	protein_coding	CD|AD	ANCO, DisGeNet
chr13	99898489	99901091	-	99901091	99901092	Cartpt	ENSMUSG00000021647	protein_coding	CD|AD	ANCO, DisGeNet
chr8	27368711	27399730	+	27368711	27368712	Chrnb3	ENSMUSG00000031492	protein_coding	CD|ND|AD	ANCO, DisGeNet
chr8	27403212	27413944	-	27413944	27413945	Chrna6	ENSMUSG00000031491	protein_coding	CD|ND|AD	ANCO, DisGeNet
chr8	45395665	45411080	-	45411080	45411081	Tlr3	ENSMUSG00000031639	protein_coding	CD|OD|ND|AD	ANCO, DisGeNet
chr8	107293470	107379517	+	107293470	107293471	Nfat5	ENSMUSG00000003847	protein_coding	CD|ND|AD	ANCO, DisGeNet
chr12	3806007	3914443	+	3806007	3806008	Dnmt3a	ENSMUSG00000020661	protein_coding	CD|ND	ANCO, DisGeNet
chr12	3954951	3960642	+	3954951	3954952	Pomc	ENSMUSG00000020660	protein_coding	CD|OD|ND|AD	ANCO, DisGeNet
chr12	54892989	55014348	-	55014348	55014349	Baz1a	ENSMUSG00000035021	protein_coding	CD	ANCO, DisGeNet
chr12	85473890	85477273	+	85473890	85473891	Fos	ENSMUSG00000021250	protein_coding	CD|OD|ND|AD	ANCO, DisGeNet
chr4	4133531	4138819	-	4138819	4138820	Penk	ENSMUSG00000045573	protein_coding	CD|OD|ND|AD	ANCO, DisGeNet
chr4	26324506	26346891	-	26346891	26346892	Manea	ENSMUSG00000040520	protein_coding	CD|OD|ND|AD	ANCO, DisGeNet
chr4	33924593	33948831	+	33924593	33924594	Cnr1	ENSMUSG00000044288	protein_coding	CD|OD|ND|AD	ANCO, DisGeNet
chr4	43875530	43944806	+	43875530	43875531	Reck	ENSMUSG00000028476	protein_coding	CD|ND	ANCO, DisGeNet
chr4	66827584	66930284	+	66827584	66827585	Tlr4	ENSMUSG00000039005	protein_coding	CD|OD|ND|AD	ANCO, DisGeNet
chr4	130130217	130139359	-	130139359	130139360	Hcrtr1	ENSMUSG00000028778	protein_coding	CD|ND	ANCO, DisGeNet
chr4	132110726	132144486	-	132144486	132144487	Oprd1	ENSMUSG00000050511	protein_coding	OD|CD|AD	ANCO, DisGeNet
chr1	5588466	5606131	+	5588466	5588467	Oprk1	ENSMUSG00000025905	protein_coding	CD|OD|ND|AD	ANCO, DisGeNet
chr1	91415982	91459324	-	91459324	91459325	Per2	ENSMUSG00000055866	protein_coding	CD|OD|ND|AD	ANCO, DisGeNet
chr1	91928779	92195699	-	92195699	92195700	Hdac4	ENSMUSG00000026313	protein_coding	CD|ND|AD	ANCO, DisGeNet
chr1	120340582	120343174	+	120340582	120340583	C1ql2	ENSMUSG00000036907	protein_coding	CD	ANCO, DisGeNet
chr1	169741477	169747642	-	169747642	169747643	Rgs4	ENSMUSG00000038530	protein_coding	OD|CD|AD	ANCO, DisGeNet
chr6	49822710	49829507	+	49822710	49822711	Npy	ENSMUSG00000029819	protein_coding	CD|OD|ND|AD	ANCO, DisGeNet
chr6	60731575	60829855	-	60829855	60829856	Snca	ENSMUSG00000025889	protein_coding	CD|OD|ND|AD	ANCO, DisGeNet
chr16	18406886	18426852	-	18426852	18426853	Comt	ENSMUSG00000000326	protein_coding	CD|OD|ND|AD	ANCO, DisGeNet
chr16	23889573	23890958	-	23890958	23890959	Sst	ENSMUSG00000004366	protein_coding	CD|ND|AD	ANCO, DisGeNet
chr16	43754026	43822932	+	43754026	43754027	Drd3	ENSMUSG00000022705	protein_coding	CD|OD|ND|AD	ANCO, DisGeNet
chr14	30039939	30491455	-	30491455	30491456	Cacna1d	ENSMUSG00000015968	protein_coding	CD|ND|AD	ANCO, DisGeNet
chr14	66635251	66771168	+	66635251	66635252	Adra1a	ENSMUSG00000045875	protein_coding	CD	ANCO, DisGeNet
chr14	74640840	74709494	+	74640840	74640841	Htr2a	ENSMUSG00000034997	protein_coding	CD|OD|ND|AD	ANCO, DisGeNet
chr2	3513030	3526376	+	3513030	3513031	Cdnf	ENSMUSG00000039496	protein_coding	CD	ANCO, DisGeNet
chr2	22622205	22693874	+	22622205	22622206	Gad2	ENSMUSG00000026787	protein_coding	CD|ND|AD	ANCO, DisGeNet
chr2	27165233	27183200	+	27165233	27165234	Dbh	ENSMUSG00000000889	protein_coding	CD|OD|ND|AD	ANCO, DisGeNet
chr2	70553072	70602014	+	70553072	70553073	Gad1	ENSMUSG00000070880	protein_coding	CD|AD	ANCO, DisGeNet
chr2	91927249	91928688	+	91927249	91927250	Chrm4	ENSMUSG00000040495	protein_coding	OD|CD	ANCO, DisGeNet
chr2	109674700	109727007	+	109674700	109674701	Bdnf	ENSMUSG00000048482	protein_coding	CD|OD|ND|AD	ANCO, DisGeNet
chr2	129686565	129699844	-	129699844	129699845	Pdyn	ENSMUSG00000027400	protein_coding	CD|OD|ND|AD	ANCO, DisGeNet
chr2	130580620	130582554	-	130582554	130582555	Avp	ENSMUSG00000037727	protein_coding	CD|OD|ND|AD	ANCO, DisGeNet
chr2	131186949	131198497	+	131186949	131186950	Cdc25b	ENSMUSG00000027330	protein_coding	CD|ND	ANCO, DisGeNet
chr2	172549593	172558622	+	172549593	172549594	Tfap2c	ENSMUSG00000028640	protein_coding	CD	ANCO, DisGeNet
chr19	4040285	4046023	-	4046023	4046024	Gstp2	ENSMUSG00000038155	protein_coding	CD|ND|AD	ANCO, DisGeNet
chr19	46135685	46148326	-	46148326	46148327	Pitx3	ENSMUSG00000025229	protein_coding	OD|CD	ANCO, DisGeNet
chr19	54044151	54048982	+	54044151	54044152	Adra2a	ENSMUSG00000033717	protein_coding	CD|OD|ND|AD	ANCO, DisGeNet
chr19	59260896	59296012	+	59260896	59260897	Slc18a2	ENSMUSG00000025094	protein_coding	CD|ND|AD	ANCO, DisGeNet
chr18	32934931	33191228	+	32934931	32934932	Camk4	ENSMUSG00000038128	protein_coding	CD|AD	ANCO, DisGeNet
chr18	34859823	34864984	+	34859823	34859824	Egr1	ENSMUSG00000038418	protein_coding	CD|ND	ANCO, DisGeNet
chr18	39410545	39519421	-	39519421	39519422	Nr3c1	ENSMUSG00000024431	protein_coding	CD|OD|ND|AD	ANCO, DisGeNet
chr18	60925618	60988152	+	60925618	60925619	Camk2a	ENSMUSG00000024617	protein_coding	CD|AD	ANCO, DisGeNet
chr18	82392380	82406777	-	82406777	82406778	Galr1	ENSMUSG00000024553	protein_coding	CD|OD|ND|AD	ANCO, DisGeNet
chr7	19302696	19310051	-	19310051	19310052	Fosb	ENSMUSG00000003545	protein_coding	CD|OD|ND|AD	ANCO, DisGeNet
chr7	81600481	81707527	-	81707527	81707528	Homer2	ENSMUSG00000025813	protein_coding	CD|AD	ANCO, DisGeNet
chr7	110122046	110143286	+	110122046	110122047	Wee1	ENSMUSG00000031016	protein_coding	CD|ND	ANCO, DisGeNet
chr7	126759601	126765819	+	126759601	126759602	Mapk3	ENSMUSG00000063065	protein_coding	CD|ND|AD	ANCO, DisGeNet
chr7	132712082	132813886	-	132813886	132813887	Fam53b	ENSMUSG00000030956	protein_coding	CD|AD	ANCO, DisGeNet
chr7	135258703	135272942	+	135258703	135258704	Nps	ENSMUSG00000073804	protein_coding	CD|OD|ND|AD	ANCO, DisGeNet
chr7	141292006	141296464	+	141292006	141292007	Drd4	ENSMUSG00000025496	protein_coding	CD|OD|ND|AD	ANCO, DisGeNet
chr3	19693401	19695396	-	19695396	19695397	Crh	ENSMUSG00000049796	protein_coding	CD|OD|ND|AD	ANCO, DisGeNet
chr3	73635808	73708415	-	73708415	73708416	Bche	ENSMUSG00000027792	protein_coding	CD|ND|AD	ANCO, DisGeNet
chr3	82538383	82548084	-	82548084	82548085	Npy2r	ENSMUSG00000028004	protein_coding	CD|ND|AD	ANCO, DisGeNet
chr3	102469919	102521013	+	102469919	102469920	Ngf	ENSMUSG00000027859	protein_coding	CD|OD|ND|AD	ANCO, DisGeNet
chr3	109780040	110144011	-	110144011	110144012	Ntng1	ENSMUSG00000059857	protein_coding	CD|AD	ANCO, DisGeNet
chr3	110246109	110250998	-	110250998	110250999	Prmt6	ENSMUSG00000049300	protein_coding	CD	ANCO, DisGeNet
chr3	134829007	134934579	+	134829007	134829008	Tacr3	ENSMUSG00000028172	protein_coding	CD|AD	ANCO, DisGeNet
chr15	7810846	7837575	+	7810846	7810847	Gdnf	ENSMUSG00000022144	protein_coding	CD|OD|ND|AD	ANCO, DisGeNet
chr15	73095844	73184935	-	73184935	73184936	Ago2	ENSMUSG00000036698	protein_coding	OD|CD|AD	ANCO, DisGeNet
chr15	74669083	74672570	-	74672570	74672571	Arc	ENSMUSG00000022602	protein_coding	CD|OD|ND|AD	ANCO, DisGeNet
chr15	83563592	83574203	+	83563592	83563593	Tspo	ENSMUSG00000041736	protein_coding	CD|ND|AD	ANCO, DisGeNet
chr17	28399094	28517527	-	28517527	28517528	Fkbp5	ENSMUSG00000024222	protein_coding	CD|OD|ND|AD	ANCO, DisGeNet
chr17	32196274	32284722	-	32284722	32284723	Brd4	ENSMUSG00000024002	protein_coding	CD|ND	ANCO, DisGeNet
chr17	37045966	37075067	+	37045966	37045967	Gabbr1	ENSMUSG00000024462	protein_coding	CD|ND|AD	ANCO, DisGeNet
chr11	41910203	42000857	-	42000857	42000858	Gabrg2	ENSMUSG00000020436	protein_coding	CD|AD	ANCO, DisGeNet
chr11	69095217	69109960	+	69095217	69095218	Per1	ENSMUSG00000020893	protein_coding	CD|OD|ND|AD	ANCO, DisGeNet
chr11	70432635	70440828	+	70432635	70432636	Arrb2	ENSMUSG00000060216	protein_coding	CD|OD|ND|AD	ANCO, DisGeNet
chr11	76998603	77032340	+	76998603	76998604	Slc6a4	ENSMUSG00000020838	protein_coding	CD|OD|ND|AD	ANCO, DisGeNet
chr11	97509340	97576186	-	97576186	97576187	Srcin1	ENSMUSG00000038453	protein_coding	CD	ANCO, DisGeNet
chr11	100761069	100762931	-	100762931	100762932	Hcrt	ENSMUSG00000045471	protein_coding	CD|ND|AD	ANCO, DisGeNet
chr11	102194432	102230166	-	102230166	102230167	Hdac5	ENSMUSG00000008855	protein_coding	CD	ANCO, DisGeNet
chr11	103821782	103954056	-	103954056	103954057	Nsf	ENSMUSG00000034187	protein_coding	CD|ND|AD	ANCO, DisGeNet
chr11	104132855	104175523	+	104132855	104132856	Crhr1	ENSMUSG00000018634	protein_coding	CD|OD|ND|AD	ANCO, DisGeNet
chr5	8660077	8748575	+	8660077	8660078	Abcb1a	ENSMUSG00000040584	protein_coding	CD|OD|ND|AD	ANCO, DisGeNet
chr5	9485541	9725170	-	9725170	9725171	Grm3	ENSMUSG00000003974	protein_coding	CD|ND|AD	ANCO, DisGeNet
chr5	24418241	24423530	-	24423530	24423531	Cdk5	ENSMUSG00000028969	protein_coding	CD|OD|ND|AD	ANCO, DisGeNet
chr5	70957597	71095849	-	71095849	71095850	Gabra2	ENSMUSG00000000560	protein_coding	CD|OD|ND|AD	ANCO, DisGeNet
chr5	76209868	76304792	-	76304792	76304793	Clock	ENSMUSG00000029238	protein_coding	CD|OD|ND|AD	ANCO, DisGeNet
chr5	112910482	113015791	-	113015791	113015792	Grk3	ENSMUSG00000042249	protein_coding	OD|CD	ANCO, DisGeNet
chr5	125017153	125179219	-	125179219	125179220	Ncor2	ENSMUSG00000029478	protein_coding	CD	ANCO, DisGeNet
chr10	4611593	5005614	+	4611593	4611594	Esr1	ENSMUSG00000019768	protein_coding	CD|ND|AD	ANCO, DisGeNet
chr10	6758506	7038198	+	6758506	6758507	Oprm1	ENSMUSG00000000766	protein_coding	CD|OD|ND|AD	ANCO, DisGeNet
chr10	23920356	23921469	+	23920356	23920357	Taar1	ENSMUSG00000056379	protein_coding	CD|ND|AD	ANCO, DisGeNet
chr10	89574020	89621253	-	89621253	89621254	Slc17a8	ENSMUSG00000019935	protein_coding	CD	ANCO, DisGeNet
chr10	108497650	109010982	-	109010982	109010983	Syt1	ENSMUSG00000035864	protein_coding	CD|AD	ANCO, DisGeNet
chr10	115078641	115185022	-	115185022	115185023	Tph2	ENSMUSG00000006764	protein_coding	CD|ND|AD	ANCO, DisGeNet
chrX	16619698	16687818	+	16619698	16619699	Maoa	ENSMUSG00000025037	protein_coding	CD|ND|AD	ANCO, DisGeNet
chrX	74026592	74135363	-	74135363	74135364	Mecp2	ENSMUSG00000031393	protein_coding	CD|OD|ND|AD	ANCO, DisGeNet
chrX	96096042	96168552	+	96096042	96096043	Msn	ENSMUSG00000031207	protein_coding	CD|OD|ND|AD	ANCO, DisGeNet
chrX	136822671	136839733	+	136822671	136822672	Plp1	ENSMUSG00000031425	protein_coding	CD|ND|AD	ANCO, DisGeNet
chrX	146962513	147197277	+	146962513	146962514	Htr2c	ENSMUSG00000041380	protein_coding	CD|ND|AD	ANCO, DisGeNet
chr9	49340627	49408177	+	49340627	49340628	Drd2	ENSMUSG00000032259	protein_coding	CD|OD|ND|AD	ANCO, DisGeNet
chr9	49415194	49427021	-	49427021	49427022	Ankk1	ENSMUSG00000032257	protein_coding	CD|OD|ND|AD	ANCO, DisGeNet
chr9	54980880	55007779	+	54980880	54980881	Chrna5	ENSMUSG00000035594	protein_coding	CD|OD|ND|AD	ANCO, DisGeNet
chr9	55010111	55026562	-	55026562	55026563	Chrna3	ENSMUSG00000032303	protein_coding	CD|OD|ND|AD	ANCO, DisGeNet
chr9	55028154	55048779	-	55048779	55048780	Chrnb4	ENSMUSG00000035200	protein_coding	CD|OD|ND|AD	ANCO, DisGeNet
chr13	56703010	56742377	NA	56703010	56703011	Smad5	ENSMUSG00000021540	protein_coding	NA	DisGeNet
chr13	104023057	104109614	NA	104109614	104109615	Nln	ENSMUSG00000021710	protein_coding	NA	DisGeNet
chr13	105443639	105448122	NA	105443639	105443640	Htr1a	ENSMUSG00000021721	protein_coding	NA	DisGeNet
chr8	4735976	4779567	NA	4779567	4779568	Shcbp1	ENSMUSG00000022322	protein_coding	NA	DisGeNet
chr8	48227682	48843951	NA	48843951	48843952	Tenm3	ENSMUSG00000031561	protein_coding	NA	DisGeNet
chr8	70646435	70660388	NA	70660388	70660389	Pgpep1	ENSMUSG00000056204	protein_coding	NA	DisGeNet
chr8	70698949	70700616	NA	70698949	70698950	Jund	ENSMUSG00000071076	protein_coding	NA	DisGeNet
chr8	72761880	72763874	NA	72761880	72761881	F2rl3	ENSMUSG00000050147	protein_coding	NA	DisGeNet
chr8	79338395	79399518	NA	79399518	79399519	Smad1	ENSMUSG00000031681	protein_coding	NA	DisGeNet
chr8	80698507	80739497	NA	80739497	80739498	Smarca5	ENSMUSG00000031715	protein_coding	NA	DisGeNet
chr8	93302369	93337308	NA	93337308	93337309	Ces1g	ENSMUSG00000057074	protein_coding	NA	DisGeNet
chr8	104947356	104960047	NA	104947356	104947357	Ces2f	ENSMUSG00000062826	protein_coding	NA	DisGeNet
chr8	105276140	105281939	NA	105276140	105276141	Nol3	ENSMUSG00000014776	protein_coding	NA	DisGeNet
chr8	105566698	105637393	NA	105637393	105637394	Agrp	ENSMUSG00000005705	protein_coding	NA	DisGeNet
chr8	106150399	106164715	NA	106150399	106150400	Pla2g15	ENSMUSG00000031903	protein_coding	NA	DisGeNet
chr8	119700009	119757717	NA	119700009	119700010	Atp2c2	ENSMUSG00000034112	protein_coding	NA	DisGeNet
chr12	32173473	32208659	NA	32208659	32208660	Pik3cg	ENSMUSG00000020573	protein_coding	NA	DisGeNet
chr12	76120419	76177259	NA	76177259	76177260	Esr2	ENSMUSG00000021055	protein_coding	NA	DisGeNet
chr12	78226379	78684772	NA	78226379	78226380	Gphn	ENSMUSG00000047454	protein_coding	NA	DisGeNet
chr12	85746539	85813585	NA	85746539	85746540	Flvcr2	ENSMUSG00000034258	protein_coding	NA	DisGeNet
chr12	100199435	100209814	NA	100199435	100199436	Calm1	ENSMUSG00000001175	protein_coding	NA	DisGeNet
chr12	100548439	100726983	NA	100726983	100726984	Rps6ka5	ENSMUSG00000021180	protein_coding	NA	DisGeNet
chr12	109586314	109586407	NA	109586314	109586315	Mir665	ENSMUSG00000076313	miRNA	NA	DisGeNet
chr12	109585789	109585885	NA	109585789	109585790	Mir337	ENSMUSG00000065526	miRNA	NA	DisGeNet
chr12	109738433	109738498	NA	109738433	109738434	Mir154	ENSMUSG00000065448	miRNA	NA	DisGeNet
chr4	11199158	11254258	NA	11254258	11254259	Ints8	ENSMUSG00000040738	protein_coding	NA	DisGeNet
chr4	15917240	15945507	NA	15945507	15945508	Decr1	ENSMUSG00000028223	protein_coding	NA	DisGeNet
chr4	41738493	41756157	NA	41756157	41756158	Sigmar1	ENSMUSG00000036078	protein_coding	NA	DisGeNet
chr4	105029874	105109890	NA	105109890	105109891	Prkaa2	ENSMUSG00000028518	protein_coding	NA	DisGeNet
chr4	115967145	116017926	NA	116017926	116017927	Faah	ENSMUSG00000034171	protein_coding	NA	DisGeNet
chr4	117926162	117929763	NA	117929763	117929764	Artn	ENSMUSG00000028539	protein_coding	NA	DisGeNet
chr4	120769534	120769622	NA	120769622	120769623	Mir30c-1	ENSMUSG00000065490	miRNA	NA	DisGeNet
chr4	149649168	149702571	NA	149702571	149702572	Pik3cd	ENSMUSG00000039936	protein_coding	NA	DisGeNet
chr1	23291701	23291784	NA	23291701	23291702	Mir30c-2	ENSMUSG00000065567	miRNA	NA	DisGeNet
chr1	64532645	64604548	NA	64532645	64532646	Creb1	ENSMUSG00000025958	protein_coding	NA	DisGeNet
chr1	74278550	74279624	NA	74278550	74278551	Gpbar1	ENSMUSG00000064272	protein_coding	NA	DisGeNet
chr1	97795114	98095646	NA	98095646	98095647	Pam	ENSMUSG00000026335	protein_coding	NA	DisGeNet
chr1	118834132	119053619	NA	119053619	119053620	Gli2	ENSMUSG00000048402	protein_coding	NA	DisGeNet
chr1	137966455	137966541	NA	137966455	137966456	Mir181a-1	ENSMUSG00000065565	miRNA	NA	DisGeNet
chr1	158505625	158505733	NA	158505625	158505626	Mir488	ENSMUSG00000070103	miRNA	NA	DisGeNet
chr1	164048234	164057677	NA	164048234	164048235	Sele	ENSMUSG00000026582	protein_coding	NA	DisGeNet
chr6	28416091	28428390	NA	28428390	28428391	Gcc1	ENSMUSG00000029708	protein_coding	NA	DisGeNet
chr6	29060220	29073877	NA	29060220	29060221	Lep	ENSMUSG00000059201	protein_coding	NA	DisGeNet
chr6	55090049	55133016	NA	55133016	55133017	Crhr2	ENSMUSG00000003476	protein_coding	NA	DisGeNet
chr6	61180324	62382865	NA	61180324	61180325	Ccser1	ENSMUSG00000039578	protein_coding	NA	DisGeNet
chr6	86195223	86275719	NA	86195223	86195224	Tgfa	ENSMUSG00000029999	protein_coding	NA	DisGeNet
chr6	113716119	113719880	NA	113719880	113719881	Ghrl	ENSMUSG00000064177	protein_coding	NA	DisGeNet
chr16	8513429	8621568	NA	8513429	8513430	Abat	ENSMUSG00000057880	protein_coding	NA	DisGeNet
chr16	16983382	17047453	NA	16983382	16983383	Mapk1	ENSMUSG00000063358	protein_coding	NA	DisGeNet
chr16	17124400	17124496	NA	17124496	17124497	Mir301b	ENSMUSG00000076288	miRNA	NA	DisGeNet
chr16	23146536	23158028	NA	23146536	23146537	Adipoq	ENSMUSG00000022878	protein_coding	NA	DisGeNet
chr16	33969073	34573532	NA	34573532	34573533	Kalrn	ENSMUSG00000061751	protein_coding	NA	DisGeNet
chr16	87895900	88290265	NA	88290265	88290266	Grik1	ENSMUSG00000022935	protein_coding	NA	DisGeNet
chr14	34370274	34374789	NA	34374789	34374790	Sncg	ENSMUSG00000023064	protein_coding	NA	DisGeNet
chr14	34590618	34600142	NA	34600142	34600143	Opn4	ENSMUSG00000021799	protein_coding	NA	DisGeNet
chr14	37054830	37064946	NA	37054830	37054831	Lrit1	ENSMUSG00000041044	protein_coding	NA	DisGeNet
chr14	47240944	47276857	NA	47276857	47276858	Wdhd1	ENSMUSG00000037572	protein_coding	NA	DisGeNet
chr14	61219115	61258490	NA	61258490	61258491	Sgcg	ENSMUSG00000035296	protein_coding	NA	DisGeNet
chr14	63145150	63179578	NA	63179578	63179579	Fdft1	ENSMUSG00000021273	protein_coding	NA	DisGeNet
chr14	64590657	64590741	NA	64590657	64590658	Mir124a-1	ENSMUSG00000065597	miRNA	NA	DisGeNet
chr14	65052060	65149855	NA	65149855	65149856	Extl3	ENSMUSG00000021978	protein_coding	NA	DisGeNet
chr14	65400673	65425472	NA	65425472	65425473	Pnoc	ENSMUSG00000045731	protein_coding	NA	DisGeNet
chr14	70474558	70520234	NA	70520234	70520235	Bmp1	ENSMUSG00000022098	protein_coding	NA	DisGeNet
chr2	24789928	24919614	NA	24919614	24919615	Ehmt1	ENSMUSG00000036893	protein_coding	NA	DisGeNet
chr2	25291181	25319187	NA	25319187	25319188	Grin1	ENSMUSG00000026959	protein_coding	NA	DisGeNet
chr2	26315515	26348237	NA	26315515	26315516	Gpsm1	ENSMUSG00000026930	protein_coding	NA	DisGeNet
chr2	29194541	29253005	NA	29253005	29253006	Ntng2	ENSMUSG00000035513	protein_coding	NA	DisGeNet
chr2	31245823	31295989	NA	31245823	31245824	Ncs1	ENSMUSG00000062661	protein_coding	NA	DisGeNet
chr2	57106830	57124003	NA	57124003	57124004	Nr4a2	ENSMUSG00000026826	protein_coding	NA	DisGeNet
chr2	62474530	62483650	NA	62483650	62483651	Gcg	ENSMUSG00000000394	protein_coding	NA	DisGeNet
chr2	66270778	66440840	NA	66440840	66440841	Scn1a	ENSMUSG00000064329	protein_coding	NA	DisGeNet
chr2	84741115	84741178	NA	84741178	84741179	Mir130a	ENSMUSG00000065484	miRNA	NA	DisGeNet
chr2	92915098	92956058	NA	92915098	92915099	Syt13	ENSMUSG00000027220	protein_coding	NA	DisGeNet
chr2	93833467	93849943	NA	93849943	93849944	Accs	ENSMUSG00000040272	protein_coding	NA	DisGeNet
chr2	102658659	102790784	NA	102658659	102658660	Slc1a2	ENSMUSG00000005089	protein_coding	NA	DisGeNet
chr2	112479171	112480769	NA	112480769	112480770	Chrm5	ENSMUSG00000074939	protein_coding	NA	DisGeNet
chr2	155517948	155585724	NA	155517948	155517949	Acss2	ENSMUSG00000027605	protein_coding	NA	DisGeNet
chr2	180894040	180894107	NA	180894040	180894041	Mir124a-3	ENSMUSG00000065454	miRNA	NA	DisGeNet
chr2	181018380	181043546	NA	181043546	181043547	Chrna4	ENSMUSG00000027577	protein_coding	NA	DisGeNet
chr2	181715016	181720985	NA	181715016	181715017	Oprl1	ENSMUSG00000027584	protein_coding	NA	DisGeNet
chr19	5490455	5495201	NA	5490455	5490456	Cfl1	ENSMUSG00000056201	protein_coding	NA	DisGeNet
chr18	62177816	62179959	NA	62179959	62179960	Adrb2	ENSMUSG00000045730	protein_coding	NA	DisGeNet
chr18	66857704	66860506	NA	66860506	66860507	Mc4r	ENSMUSG00000047259	protein_coding	NA	DisGeNet
chr18	80734141	80934060	NA	80934060	80934061	Atp9b	ENSMUSG00000024566	protein_coding	NA	DisGeNet
chr7	29256323	29281912	NA	29281912	29281913	Spint2	ENSMUSG00000074227	protein_coding	NA	DisGeNet
chr7	87584168	88134907	NA	87584168	87584169	Grm5	ENSMUSG00000049583	protein_coding	NA	DisGeNet
chr7	92857525	92874247	NA	92874247	92874248	Ddias	ENSMUSG00000030641	protein_coding	NA	DisGeNet
chr7	92874470	92934583	NA	92874470	92874471	Prcp	ENSMUSG00000061119	protein_coding	NA	DisGeNet
chr7	99482785	99482932	NA	99482932	99482933	Snord15a	ENSMUSG00000065822	snoRNA	NA	DisGeNet
chr7	105425731	105470898	NA	105425731	105425732	Cckbr	ENSMUSG00000030898	protein_coding	NA	DisGeNet
chr7	105736592	105742925	NA	105736592	105736593	Ilk	ENSMUSG00000030890	protein_coding	NA	DisGeNet
chr7	119462711	119479282	NA	119479282	119479283	Umod	ENSMUSG00000030963	protein_coding	NA	DisGeNet
chr7	143106362	143427042	NA	143106362	143106363	Kcnq1	ENSMUSG00000009545	protein_coding	NA	DisGeNet
chr3	32397671	32468486	NA	32397671	32397672	Pik3ca	ENSMUSG00000027665	protein_coding	NA	DisGeNet
chr3	37348346	37410108	NA	37348346	37348347	Fgf2	ENSMUSG00000037225	protein_coding	NA	DisGeNet
chr3	80681450	80802835	NA	80802835	80802836	Gria2	ENSMUSG00000033981	protein_coding	NA	DisGeNet
chr3	88215598	88215686	NA	88215598	88215599	Mir9-1	ENSMUSG00000106493	miRNA	NA	DisGeNet
chr3	118433857	118433929	NA	118433857	118433858	Mir137	ENSMUSG00000065569	miRNA	NA	DisGeNet
chr3	157544279	157544349	NA	157544279	157544280	Mir186	ENSMUSG00000065431	miRNA	NA	DisGeNet
chr3	158082891	158562221	NA	158562221	158562222	Lrrc7	ENSMUSG00000028176	protein_coding	NA	DisGeNet
chr15	5143861	5181899	NA	5143861	5143862	Prkaa1	ENSMUSG00000050697	protein_coding	NA	DisGeNet
chr15	77477047	77491069	NA	77477047	77477048	Apol10a	ENSMUSG00000050982	protein_coding	NA	DisGeNet
chr15	91673175	91816120	NA	91673175	91673176	Lrrk2	ENSMUSG00000036273	protein_coding	NA	DisGeNet
chr15	103153290	103167092	NA	103167092	103167093	Smug1	ENSMUSG00000036061	protein_coding	NA	DisGeNet
chr15	103285125	103285221	NA	103285125	103285126	Mir148b	ENSMUSG00000065560	miRNA	NA	DisGeNet
chr17	8525372	8986648	NA	8525372	8525373	Pde10a	ENSMUSG00000023868	protein_coding	NA	DisGeNet
chr17	12418960	12507704	NA	12507704	12507705	Slc22a3	ENSMUSG00000023828	protein_coding	NA	DisGeNet
chr17	28951950	28969549	NA	28951950	28951951	Kctd20	ENSMUSG00000005936	protein_coding	NA	DisGeNet
chr17	28970880	29007995	NA	29007995	29007996	Stk38	ENSMUSG00000024006	protein_coding	NA	DisGeNet
chr17	30624354	30877365	NA	30624354	30624355	Dnah8	ENSMUSG00000033826	protein_coding	NA	DisGeNet
chr17	30901817	30940791	NA	30901817	30901818	Glp1r	ENSMUSG00000024027	protein_coding	NA	DisGeNet
chr17	34898469	34914052	NA	34898469	34898470	Ehmt2	ENSMUSG00000013787	protein_coding	NA	DisGeNet
chr17	44495987	44814797	NA	44814797	44814798	Runx2	ENSMUSG00000039153	protein_coding	NA	DisGeNet
chr17	46548329	46556175	NA	46556175	46556176	Srf	ENSMUSG00000015605	protein_coding	NA	DisGeNet
chr17	87433412	87446935	NA	87446935	87446936	Calm2	ENSMUSG00000036438	protein_coding	NA	DisGeNet
chr11	5969644	6066362	NA	6066362	6066363	Camk2b	ENSMUSG00000057897	protein_coding	NA	DisGeNet
chr11	53259814	53300457	NA	53300457	53300458	Hspa4	ENSMUSG00000020361	protein_coding	NA	DisGeNet
chr11	57011387	57330244	NA	57011387	57011388	Gria1	ENSMUSG00000020524	protein_coding	NA	DisGeNet
chr11	98358368	98381112	NA	98358368	98358369	Stard3	ENSMUSG00000018167	protein_coding	NA	DisGeNet
chr5	27842149	27855088	NA	27842149	27842150	Htr5a	ENSMUSG00000039106	protein_coding	NA	DisGeNet
chr5	65107539	65168188	NA	65107539	65107540	Klhl5	ENSMUSG00000054920	protein_coding	NA	DisGeNet
chr5	116013586	116024508	NA	116024508	116024509	Prkab1	ENSMUSG00000029513	protein_coding	NA	DisGeNet
chr5	125277087	125341094	NA	125341094	125341095	Scarb1	ENSMUSG00000037936	protein_coding	NA	DisGeNet
chr5	142903115	142906754	NA	142906754	142906755	Actb	ENSMUSG00000029580	protein_coding	NA	DisGeNet
chr5	144876495	144965847	NA	144965847	144965848	Smurf1	ENSMUSG00000038780	protein_coding	NA	DisGeNet
chr10	108332121	108414240	NA	108332121	108332122	Pawr	ENSMUSG00000035873	protein_coding	NA	DisGeNet
chrX	47809368	47892974	NA	47892974	47892975	Smarca1	ENSMUSG00000031099	protein_coding	NA	DisGeNet
chr9	21062393	21067093	NA	21067093	21067094	Zglp1	ENSMUSG00000079681	protein_coding	NA	DisGeNet
chr9	21104068	21131243	NA	21131243	21131244	Tyk2	ENSMUSG00000032175	protein_coding	NA	DisGeNet
chr9	21616169	21704230	NA	21616169	21616170	Smarca4	ENSMUSG00000032187	protein_coding	NA	DisGeNet
chr9	24097996	24316398	NA	24097996	24097997	Npsr1	ENSMUSG00000043659	protein_coding	NA	DisGeNet
chr9	37544492	37552904	NA	37552904	37552905	Nrgn	ENSMUSG00000053310	protein_coding	NA	DisGeNet
chr9	58006411	58027023	NA	58006411	58006412	Cyp11a1	ENSMUSG00000032323	protein_coding	NA	DisGeNet
chr9	63646767	63757994	NA	63757994	63757995	Smad3	ENSMUSG00000032402	protein_coding	NA	DisGeNet
chr9	64185770	64253631	NA	64253631	64253632	Map2k1	ENSMUSG00000004936	protein_coding	NA	DisGeNet
chr9	69397906	69433122	NA	69397906	69397907	Ice2	ENSMUSG00000032235	protein_coding	NA	DisGeNet
chr9	81628291	81633828	NA	81633828	81633829	Htr1b	ENSMUSG00000049511	protein_coding	NA	DisGeNet
chr9	99036654	99140621	NA	99140621	99140622	Pik3cb	ENSMUSG00000032462	protein_coding	NA	DisGeNet
chr9	106643095	106656082	NA	106656082	106656083	Grm2	ENSMUSG00000023192	protein_coding	NA	DisGeNet
chr9	108306129	108337934	NA	108306129	108306130	Rhoa	ENSMUSG00000007815	protein_coding	NA	DisGeNet
