gene_name	chrom	TSS_start	TSS_end	strand	id_type	list	gene_id	start	end
Oprk1	chr1	5588466	5588467	+	CD|OD|ND|AD	ANCO, DisGeNet	ENSMUSG00000025905	5588466	5606131
Msc	chr1	14755992	14755993	-	CD|OD|ND|AD	ANCO	ENSMUSG00000025930	14753346	14755992
Mir30c-2	chr1	23291701	23291702	NA	NA	DisGeNet	ENSMUSG00000065567	23291701	23291784
Creb1	chr1	64532645	64532646	NA	NA	DisGeNet	ENSMUSG00000025958	64532645	64604548
Rpe	chr1	66700831	66700832	+	CD|ND|AD	ANCO	ENSMUSG00000026005	66700831	66719805
Gpbar1	chr1	74278550	74278551	NA	NA	DisGeNet	ENSMUSG00000064272	74278550	74279624
Pnkd	chr1	74284930	74284931	+	CD|ND|AD	ANCO	ENSMUSG00000026179	74284930	74353694
Epha4	chr1	77515088	77515089	-	CD|ND	ANCO	ENSMUSG00000026235	77367185	77515088
Per2	chr1	91459324	91459325	-	CD|OD|ND|AD	ANCO, DisGeNet	ENSMUSG00000055866	91415982	91459324
Hdac4	chr1	92195699	92195700	-	CD|ND|AD	ANCO, DisGeNet	ENSMUSG00000026313	91928779	92195699
Pam	chr1	98095646	98095647	NA	NA	DisGeNet	ENSMUSG00000026335	97795114	98095646
Bcl2	chr1	106714274	106714275	-	CD|ND|AD	ANCO	ENSMUSG00000057329	106538178	106714274
Gli2	chr1	119053619	119053620	NA	NA	DisGeNet	ENSMUSG00000048402	118834132	119053619
Dbi	chr1	120121078	120121079	-	CD|OD|ND|AD	ANCO	ENSMUSG00000026385	120113280	120121078
Steap3	chr1	120272705	120272706	-	CD|ND	ANCO	ENSMUSG00000026389	120190757	120272705
C1ql2	chr1	120340582	120340583	+	CD	ANCO, DisGeNet	ENSMUSG00000036907	120340582	120343174
Atp2b4	chr1	133801041	133801042	-	CD|AD	ANCO	ENSMUSG00000026463	133699457	133801041
Syt2	chr1	134646677	134646678	+	CD|AD	ANCO	ENSMUSG00000026452	134646677	134762593
Lgr6	chr1	135105276	135105277	-	CD	ANCO	ENSMUSG00000042793	134983301	135105276
Mir181a-1	chr1	137966455	137966456	NA	NA	DisGeNet	ENSMUSG00000065565	137966455	137966541
Mir488	chr1	158505625	158505626	NA	NA	DisGeNet	ENSMUSG00000070103	158505625	158505733
Sele	chr1	164048234	164048235	NA	NA	DisGeNet	ENSMUSG00000026582	164048234	164057677
Sell	chr1	164061982	164061983	+	CD|ND|AD	ANCO	ENSMUSG00000026581	164061982	164084181
Rgs4	chr1	169747642	169747643	-	OD|CD|AD	ANCO, DisGeNet	ENSMUSG00000038530	169741477	169747642
Atf6	chr1	170867771	170867772	-	CD|ND	ANCO	ENSMUSG00000026663	170704674	170867771
Rgs7	chr1	175492500	175492501	-	CD|ND|AD	ANCO	ENSMUSG00000026527	175059087	175492500
Kmo	chr1	175620381	175620382	+	CD|ND	ANCO	ENSMUSG00000039783	175620381	175662116
Fh1	chr1	175625635	175625636	-	CD|ND|AD	ANCO	ENSMUSG00000026526	175600374	175625635
Tlr5	chr1	182954788	182954789	+	CD|ND	ANCO	ENSMUSG00000079164	182954788	182976044
Cr1l	chr1	195131586	195131587	-	CD|ND	ANCO	ENSMUSG00000016481	195097382	195131586
Cr2	chr1	195176716	195176717	-	CD|ND	ANCO	ENSMUSG00000026616	195136811	195176716
Esr1	chr10	4611593	4611594	+	CD|ND|AD	ANCO, DisGeNet	ENSMUSG00000019768	4611593	5005614
Vip	chr10	5639218	5639219	+	CD|ND|AD	ANCO	ENSMUSG00000019772	5639218	5647617
Oprm1	chr10	6758506	6758507	+	CD|OD|ND|AD	ANCO, DisGeNet	ENSMUSG00000000766	6758506	7038198
Taar1	chr10	23920356	23920357	+	CD|ND|AD	ANCO, DisGeNet	ENSMUSG00000056379	23920356	23921469
Ccn2	chr10	24595442	24595443	+	CD|ND	ANCO	ENSMUSG00000019997	24595442	24598683
Fyn	chr10	39368855	39368856	+	CD|OD|ND|AD	ANCO	ENSMUSG00000019843	39368855	39565381
Traf3ip2	chr10	39612934	39612935	+	CD|ND	ANCO	ENSMUSG00000019842	39612934	39655307
Crybg1	chr10	44148853	44148854	-	CD	ANCO	ENSMUSG00000019866	43950636	44148853
Atg5	chr10	44268358	44268359	+	CD|ND|AD	ANCO	ENSMUSG00000038160	44268358	44364291
Chst3	chr10	60219260	60219261	-	CD	ANCO	ENSMUSG00000057337	60181532	60219260
Psap	chr10	60277627	60277628	+	CD|AD	ANCO	ENSMUSG00000004207	60277627	60302597
Nodal	chr10	61417972	61417973	+	CD|ND|AD	ANCO	ENSMUSG00000037171	61417972	61425338
Sirt1	chr10	63381704	63381705	-	CD|ND|AD	ANCO	ENSMUSG00000020063	63319005	63381704
Cdk1	chr10	69352938	69352939	-	CD|ND	ANCO	ENSMUSG00000019942	69335146	69352938
Ank3	chr10	69398773	69398774	+	CD|ND|AD	ANCO	ENSMUSG00000069601	69398773	70027438
Ddt	chr10	75773414	75773415	-	CD|ND|AD	ANCO	ENSMUSG00000001666	75771230	75773414
Aire	chr10	78043610	78043611	-	CD|ND	ANCO	ENSMUSG00000000731	78030022	78043610
Eef2	chr10	81176631	81176632	+	CD	ANCO	ENSMUSG00000034994	81176631	81182498
Tle5	chr10	81559488	81559489	+	CD|OD|ND|AD	ANCO	ENSMUSG00000054452	81559488	81566362
Slc17a8	chr10	89621253	89621254	-	CD	ANCO, DisGeNet	ENSMUSG00000019935	89574020	89621253
Hal	chr10	93488768	93488769	+	CD|ND	ANCO	ENSMUSG00000020017	93488768	93519304
Nts	chr10	102490486	102490487	-	CD|OD|ND|AD	ANCO	ENSMUSG00000019890	102481756	102490486
Pawr	chr10	108332121	108332122	NA	NA	DisGeNet	ENSMUSG00000035873	108332121	108414240
Syt1	chr10	109010982	109010983	-	CD|AD	ANCO, DisGeNet	ENSMUSG00000035864	108497650	109010982
Tph2	chr10	115185022	115185023	-	CD|ND|AD	ANCO, DisGeNet	ENSMUSG00000006764	115078641	115185022
Grip1	chr10	119453830	119453831	+	CD|AD	ANCO	ENSMUSG00000034813	119453830	120087261
Cdk4	chr10	127063534	127063535	+	CD|ND|AD	ANCO	ENSMUSG00000006728	127063534	127067920
Ddit3	chr10	127290774	127290775	+	CD|ND	ANCO	ENSMUSG00000025408	127290774	127296288
Ddit3	chr10	127290774	127290775	+	CD|ND	ANCO	ENSMUSG00000116429	127290829	127293753
Mars1	chr10	127311786	127311787	-	CD|ND|AD	ANCO	ENSMUSG00000040354	127296221	127311786
Cs	chr10	128337734	128337735	+	CD|OD|ND|AD	ANCO	ENSMUSG00000005683	128337734	128362479
Lif	chr11	4257557	4257558	+	CD|ND|AD	ANCO	ENSMUSG00000034394	4257557	4272514
Camk2b	chr11	6066362	6066363	NA	NA	DisGeNet	ENSMUSG00000057897	5969644	6066362
Ddc	chr11	11898144	11898145	-	CD|ND|AD	ANCO	ENSMUSG00000020182	11814101	11898144
Rel	chr11	23770970	23770971	-	CD|ND|AD	ANCO	ENSMUSG00000020275	23736847	23770970
Gabrg2	chr11	42000857	42000858	-	CD|AD	ANCO, DisGeNet	ENSMUSG00000020436	41910203	42000857
Cyfip2	chr11	46312859	46312860	-	CD	ANCO	ENSMUSG00000020340	46193850	46312859
Hspa4	chr11	53300457	53300458	NA	NA	DisGeNet	ENSMUSG00000020361	53259814	53300457
Slc22a4	chr11	54028090	54028091	-	CD|ND|AD	ANCO	ENSMUSG00000020334	53983123	54028090
Gria1	chr11	57011387	57011388	NA	NA	DisGeNet	ENSMUSG00000020524	57011387	57330244
Aldh3a1	chr11	61207537	61207538	+	CD|ND|AD	ANCO	ENSMUSG00000019102	61207537	61218421
Vamp2	chr11	69088490	69088491	+	CD|ND|AD	ANCO	ENSMUSG00000020894	69088490	69092384
Per1	chr11	69095217	69095218	+	CD|OD|ND|AD	ANCO, DisGeNet	ENSMUSG00000020893	69095217	69109960
Arrb2	chr11	70432635	70432636	+	CD|OD|ND|AD	ANCO, DisGeNet	ENSMUSG00000060216	70432635	70440828
Trpv1	chr11	73234292	73234293	+	CD|OD|ND|AD	ANCO	ENSMUSG00000005952	73234292	73261242
Crk	chr11	75679259	75679260	+	CD|ND	ANCO	ENSMUSG00000017776	75679259	75706908
Abr	chr11	76623558	76623559	-	CD|ND|AD	ANCO	ENSMUSG00000017631	76416734	76623558
Slc6a4	chr11	76998603	76998604	+	CD|OD|ND|AD	ANCO, DisGeNet	ENSMUSG00000020838	76998603	77032340
Pigs	chr11	78328415	78328416	+	CD|OD|ND|AD	ANCO	ENSMUSG00000041958	78328415	78342782
Cdk5r1	chr11	80477023	80477024	+	CD	ANCO	ENSMUSG00000048895	80477023	80481184
Ccl2	chr11	82035571	82035572	+	CD|OD|ND|AD	ANCO	ENSMUSG00000035385	82035571	82037453
Mtmr4	chr11	87592162	87592163	+	CD	ANCO	ENSMUSG00000018401	87592162	87616302
Hsf5	chr11	87617164	87617165	+	CD	ANCO	ENSMUSG00000070345	87617164	87659542
Rnf43	chr11	87662722	87662723	+	CD	ANCO	ENSMUSG00000034177	87662722	87735539
Mpo	chr11	87793581	87793582	+	CD|ND|AD	ANCO	ENSMUSG00000009350	87793581	87804413
Coil	chr11	88970252	88970253	+	CD|ND|AD	ANCO	ENSMUSG00000033983	88970252	88991613
Srcin1	chr11	97576186	97576187	-	CD	ANCO, DisGeNet	ENSMUSG00000038453	97509340	97576186
Stard3	chr11	98358368	98358369	NA	NA	DisGeNet	ENSMUSG00000018167	98358368	98381112
Tcap	chr11	98383811	98383812	+	CD|AD	ANCO	ENSMUSG00000007877	98383811	98384953
Cnp	chr11	100574904	100574905	+	CD|ND|AD	ANCO	ENSMUSG00000006782	100574904	100591729
Hcrt	chr11	100762931	100762932	-	CD|ND|AD	ANCO, DisGeNet	ENSMUSG00000045471	100761069	100762931
Becn1	chr11	101302286	101302287	-	CD|OD|ND	ANCO	ENSMUSG00000035086	101285952	101302286
Hdac5	chr11	102230166	102230167	-	CD	ANCO, DisGeNet	ENSMUSG00000008855	102194432	102230166
Nsf	chr11	103954056	103954057	-	CD|ND|AD	ANCO, DisGeNet	ENSMUSG00000034187	103821782	103954056
Crhr1	chr11	104132855	104132856	+	CD|OD|ND|AD	ANCO, DisGeNet	ENSMUSG00000018634	104132855	104175523
Ace	chr11	105967945	105967946	+	CD|OD|ND|AD	ANCO	ENSMUSG00000020681	105967945	105989964
Ern1	chr11	106487852	106487853	-	CD|ND	ANCO	ENSMUSG00000020715	106394650	106487852
Dnmt3a	chr12	3806007	3806008	+	CD|ND	ANCO, DisGeNet	ENSMUSG00000020661	3806007	3914443
Pomc	chr12	3954951	3954952	+	CD|OD|ND|AD	ANCO, DisGeNet	ENSMUSG00000020660	3954951	3960642
Pum2	chr12	8674134	8674135	+	CD	ANCO	ENSMUSG00000020594	8674134	8752581
Lamb1	chr12	31265234	31265235	+	CD	ANCO	ENSMUSG00000002900	31265234	31329644
Pik3cg	chr12	32208659	32208660	NA	NA	DisGeNet	ENSMUSG00000020573	32173473	32208659
Ahr	chr12	35535038	35535039	-	CD|OD|ND|AD	ANCO	ENSMUSG00000019256	35497974	35535038
Coch	chr12	51593341	51593342	+	CD	ANCO	ENSMUSG00000020953	51593341	51605771
Baz1a	chr12	55014348	55014349	-	CD	ANCO, DisGeNet	ENSMUSG00000035021	54892989	55014348
Esr2	chr12	76177259	76177260	NA	NA	DisGeNet	ENSMUSG00000021055	76120419	76177259
Max	chr12	76962201	76962202	-	CD|OD|ND|AD	ANCO	ENSMUSG00000059436	76937269	76962201
Gphn	chr12	78226379	78226380	NA	NA	DisGeNet	ENSMUSG00000047454	78226379	78684772
Eif2s1	chr12	78861819	78861820	+	CD|ND	ANCO	ENSMUSG00000021116	78861819	78887010
Fos	chr12	85473890	85473891	+	CD|OD|ND|AD	ANCO, DisGeNet	ENSMUSG00000021250	85473890	85477273
Flvcr2	chr12	85746539	85746540	NA	NA	DisGeNet	ENSMUSG00000034258	85746539	85813585
Ngb	chr12	87102539	87102540	-	CD|ND	ANCO	ENSMUSG00000021032	87097531	87102539
Nrxn3	chr12	88722876	88722877	+	CD|OD|ND|AD	ANCO	ENSMUSG00000066392	88722876	90334935
Calm1	chr12	100199435	100199436	NA	NA	DisGeNet	ENSMUSG00000001175	100199435	100209814
Rps6ka5	chr12	100726983	100726984	NA	NA	DisGeNet	ENSMUSG00000021180	100548439	100726983
Mir337	chr12	109585789	109585790	NA	NA	DisGeNet	ENSMUSG00000065526	109585789	109585885
Mir665	chr12	109586314	109586315	NA	NA	DisGeNet	ENSMUSG00000076313	109586314	109586407
Mir154	chr12	109738433	109738434	NA	NA	DisGeNet	ENSMUSG00000065448	109738433	109738498
Hsp90aa1	chr12	110702728	110702729	-	CD|ND|AD	ANCO	ENSMUSG00000021270	110690605	110702728
Vipr2	chr12	116077726	116077727	+	CD|OD|ND	ANCO	ENSMUSG00000011171	116077726	116146261
Ptprn2	chr12	116485720	116485721	+	CD|OD|ND|AD	ANCO	ENSMUSG00000056553	116485720	117276849
Amph	chr13	18948205	18948206	+	CD|ND	ANCO	ENSMUSG00000021314	18948205	19150921
Aoah	chr13	20794113	20794114	+	CD	ANCO	ENSMUSG00000021322	20794113	21036617
Prl3a1	chr13	27259436	27259437	+	CD|ND|AD	ANCO, DisGeNet	ENSMUSG00000038883	27259436	27276667
Cd83	chr13	43784775	43784776	+	CD|ND	ANCO	ENSMUSG00000015396	43784775	43803132
Drd1	chr13	54055705	54055706	-	CD|OD|ND|AD	ANCO, DisGeNet	ENSMUSG00000021478	54051183	54055705
Cplx2	chr13	54371349	54371350	+	CD	ANCO	ENSMUSG00000025867	54371349	54383917
Smad5	chr13	56703010	56703011	NA	NA	DisGeNet	ENSMUSG00000021540	56703010	56742377
Ntrk2	chr13	58806569	58806570	+	CD|ND|AD	ANCO, DisGeNet	ENSMUSG00000055254	58806569	59133970
Srd5a1	chr13	69611442	69611443	-	CD|OD|ND|AD	ANCO	ENSMUSG00000021594	69573449	69611442
Slc6a3	chr13	73536747	73536748	+	CD|OD|ND|AD	ANCO, DisGeNet	ENSMUSG00000021609	73536747	73578672
Tert	chr13	73626911	73626912	+	CD|OD|ND|AD	ANCO	ENSMUSG00000021611	73626911	73649843
Cast	chr13	74808810	74808811	-	CD|OD|ND|AD	ANCO	ENSMUSG00000021585	74692368	74808810
Homer1	chr13	93299635	93299636	+	CD|AD	ANCO, DisGeNet	ENSMUSG00000007617	93299635	93405129
Crhbp	chr13	95444924	95444925	-	CD|AD	ANCO, DisGeNet	ENSMUSG00000021680	95431371	95444924
Ankrd31	chr13	96748272	96748273	+	CD	ANCO	ENSMUSG00000109561	96748272	96910039
Tnpo1	chr13	98926384	98926385	-	CD|OD|ND|AD	ANCO	ENSMUSG00000009470	98839019	98926384
Cartpt	chr13	99901091	99901092	-	CD|AD	ANCO, DisGeNet	ENSMUSG00000021647	99898489	99901091
Nln	chr13	104109614	104109615	NA	NA	DisGeNet	ENSMUSG00000021710	104023057	104109614
Htr1a	chr13	105443639	105443640	NA	NA	DisGeNet	ENSMUSG00000021721	105443639	105448122
Fst	chr13	114458951	114458952	-	CD|OD|ND|AD	ANCO	ENSMUSG00000021765	114452290	114458951
Gm3839	chr14	11356726	11356727	-	CD|ND|AD	ANCO	ENSMUSG00000097148	11280735	11356726
Ecd	chr14	20348121	20348122	-	CD|ND|AD	ANCO	ENSMUSG00000021810	20319852	20348121
Hesx1	chr14	26994416	26994417	+	CD|ND	ANCO	ENSMUSG00000040726	26994416	27002329
Cacna1d	chr14	30491455	30491456	-	CD|ND|AD	ANCO, DisGeNet	ENSMUSG00000015968	30039939	30491455
Chat	chr14	32465989	32465990	-	CD|ND|AD	ANCO	ENSMUSG00000021919	32408203	32465989
Sncg	chr14	34374789	34374790	NA	NA	DisGeNet	ENSMUSG00000023064	34370274	34374789
Opn4	chr14	34600142	34600143	NA	NA	DisGeNet	ENSMUSG00000021799	34590618	34600142
Lrit1	chr14	37054830	37054831	NA	NA	DisGeNet	ENSMUSG00000041044	37054830	37064946
Ear1	chr14	43875517	43875518	-	CD|ND	ANCO	ENSMUSG00000072601	43818765	43875517
Wdhd1	chr14	47276857	47276858	NA	NA	DisGeNet	ENSMUSG00000037572	47240944	47276857
Otx2	chr14	48673819	48673820	-	CD|ND	ANCO	ENSMUSG00000021848	48657677	48673819
Efs	chr14	54926126	54926127	-	CD|ND|AD	ANCO	ENSMUSG00000022203	54916535	54926126
Sgcg	chr14	61258490	61258491	NA	NA	DisGeNet	ENSMUSG00000035296	61219115	61258490
Fdft1	chr14	63179578	63179579	NA	NA	DisGeNet	ENSMUSG00000021273	63145150	63179578
Mir124a-1	chr14	64590657	64590658	NA	NA	DisGeNet	ENSMUSG00000065597	64590657	64590741
Extl3	chr14	65149855	65149856	NA	NA	DisGeNet	ENSMUSG00000021978	65052060	65149855
Pnoc	chr14	65425472	65425473	NA	NA	DisGeNet	ENSMUSG00000045731	65400673	65425472
Adra1a	chr14	66635251	66635252	+	CD	ANCO, DisGeNet	ENSMUSG00000045875	66635251	66771168
Bmp1	chr14	70520234	70520235	NA	NA	DisGeNet	ENSMUSG00000022098	70474558	70520234
Rb1	chr14	73325822	73325823	-	CD|ND|AD	ANCO	ENSMUSG00000022105	73183673	73325822
Htr2a	chr14	74640840	74640841	+	CD|OD|ND|AD	ANCO, DisGeNet	ENSMUSG00000034997	74640840	74709494
Pcdh8	chr14	79771312	79771313	-	CD	ANCO	ENSMUSG00000036422	79766775	79771312
Acod1	chr14	103046977	103046978	+	CD|OD|ND|AD	ANCO	ENSMUSG00000022126	103046977	103056573
Mycbp2	chr14	103346814	103346815	-	CD|OD|ND|AD	ANCO	ENSMUSG00000033004	103113411	103346814
C7	chr15	5063740	5063741	-	CD|ND|AD	ANCO	ENSMUSG00000079105	4988762	5063740
Prkaa1	chr15	5143861	5143862	NA	NA	DisGeNet	ENSMUSG00000050697	5143861	5181899
Gdnf	chr15	7810846	7810847	+	CD|OD|ND|AD	ANCO, DisGeNet	ENSMUSG00000022144	7810846	7837575
Retreg1	chr15	25843180	25843181	+	CD|AD	ANCO	ENSMUSG00000022270	25843180	25973687
Rims2	chr15	39198261	39198262	+	CD	ANCO	ENSMUSG00000037386	39198261	39684372
Csmd3	chr15	48792063	48792064	-	CD|AD	ANCO	ENSMUSG00000022311	47580637	48792063
Mal2	chr15	54571192	54571193	+	CD|ND	ANCO	ENSMUSG00000024479	54571192	54602847
Ccn3	chr15	54745702	54745703	+	CD|ND|AD	ANCO	ENSMUSG00000037362	54745702	54754039
Deptor	chr15	55112317	55112318	+	CD	ANCO	ENSMUSG00000022419	55112317	55259271
Asap1	chr15	64382919	64382920	-	CD|AD	ANCO	ENSMUSG00000022377	64086857	64382919
Tg	chr15	66670753	66670754	+	CD|OD|ND|AD	ANCO	ENSMUSG00000053469	66670753	66850721
Ago2	chr15	73184935	73184936	-	OD|CD|AD	ANCO, DisGeNet	ENSMUSG00000036698	73095844	73184935
Arc	chr15	74672570	74672571	-	CD|OD|ND|AD	ANCO, DisGeNet	ENSMUSG00000022602	74669083	74672570
Mb	chr15	77050670	77050671	-	CD|OD|ND|AD	ANCO	ENSMUSG00000018893	77015487	77050670
Apol10a	chr15	77477047	77477048	NA	NA	DisGeNet	ENSMUSG00000050982	77477047	77491069
Tst	chr15	78405907	78405908	-	CD|OD|ND|AD	ANCO	ENSMUSG00000044986	78399556	78405907
Sox10	chr15	79165240	79165241	-	CD|OD|ND	ANCO	ENSMUSG00000033006	79154908	79165240
Pick1	chr15	79229173	79229174	+	CD	ANCO	ENSMUSG00000068206	79229173	79249484
Csnk1e	chr15	79455566	79455567	-	CD|ND	ANCO	ENSMUSG00000022433	79417856	79455566
Atf4	chr15	80255184	80255185	+	CD|ND|AD	ANCO	ENSMUSG00000042406	80255184	80257541
Mrtfa	chr15	81190757	81190758	-	CD|OD|ND|AD	ANCO	ENSMUSG00000042292	81012281	81190757
Cyp2d9	chr15	82433437	82433438	+	CD|OD|ND|AD	ANCO	ENSMUSG00000068086	82433437	82456845
Tspo	chr15	83563592	83563593	+	CD|ND|AD	ANCO, DisGeNet	ENSMUSG00000041736	83563592	83574203
Brd1	chr15	88734233	88734234	-	CD	ANCO	ENSMUSG00000022387	88687034	88734233
Lrrk2	chr15	91673175	91673176	NA	NA	DisGeNet	ENSMUSG00000036273	91673175	91816120
Cntn1	chr15	92051165	92051166	+	CD|OD|ND|AD	ANCO	ENSMUSG00000055022	92051165	92341967
Grasp	chr15	101224188	101224189	+	CD|ND|AD	ANCO	ENSMUSG00000000531	101224188	101232756
Krt73	chr15	101802346	101802347	-	CD	ANCO	ENSMUSG00000063661	101793308	101802346
Smug1	chr15	103167092	103167093	NA	NA	DisGeNet	ENSMUSG00000036061	103153290	103167092
Mir148b	chr15	103285125	103285126	NA	NA	DisGeNet	ENSMUSG00000065560	103285125	103285221
Rbfox1	chr16	5885355	5885356	+	CD|ND|AD	ANCO	ENSMUSG00000008658	5885355	7411526
Abat	chr16	8513429	8513430	NA	NA	DisGeNet	ENSMUSG00000057880	8513429	8621568
Grin2a	chr16	9995560	9995561	-	CD|OD|ND|AD	ANCO	ENSMUSG00000059003	9567898	9995560
Mapk1	chr16	16983382	16983383	NA	NA	DisGeNet	ENSMUSG00000063358	16983382	17047453
Mir301b	chr16	17124496	17124497	NA	NA	DisGeNet	ENSMUSG00000076288	17124400	17124496
Comt	chr16	18426852	18426853	-	CD|OD|ND|AD	ANCO, DisGeNet	ENSMUSG00000000326	18406886	18426852
Adipoq	chr16	23146536	23146537	NA	NA	DisGeNet	ENSMUSG00000022878	23146536	23158028
Sst	chr16	23890958	23890959	-	CD|ND|AD	ANCO, DisGeNet	ENSMUSG00000004366	23889573	23890958
Lpp	chr16	24393507	24393508	+	CD|OD|ND|AD	ANCO	ENSMUSG00000033306	24393507	24992578
Kalrn	chr16	34573532	34573533	NA	NA	DisGeNet	ENSMUSG00000061751	33969073	34573532
Drd3	chr16	43754026	43754027	+	CD|OD|ND|AD	ANCO, DisGeNet	ENSMUSG00000022705	43754026	43822932
Alcam	chr16	52454074	52454075	-	CD|ND	ANCO	ENSMUSG00000022636	52248996	52454074
Epha6	chr16	60605531	60605532	-	CD|ND|AD	ANCO	ENSMUSG00000055540	59653483	60605531
Gbe1	chr16	70313949	70313950	+	CD|ND	ANCO	ENSMUSG00000022707	70313949	70569716
Grik1	chr16	88290265	88290266	NA	NA	DisGeNet	ENSMUSG00000022935	87895900	88290265
Son	chr16	91647506	91647507	+	CD|ND|AD	ANCO	ENSMUSG00000022961	91647506	91679221
Erg	chr16	95586593	95586594	-	CD|ND|AD	ANCO	ENSMUSG00000040732	95359169	95586593
Pde10a	chr17	8525372	8525373	NA	NA	DisGeNet	ENSMUSG00000023868	8525372	8986648
Slc22a3	chr17	12507704	12507705	NA	NA	DisGeNet	ENSMUSG00000023828	12418960	12507704
Slc22a1	chr17	12675829	12675830	-	CD|ND	ANCO	ENSMUSG00000023829	12648869	12675829
Fkbp5	chr17	28517527	28517528	-	CD|OD|ND|AD	ANCO, DisGeNet	ENSMUSG00000024222	28399094	28517527
Kctd20	chr17	28951950	28951951	NA	NA	DisGeNet	ENSMUSG00000005936	28951950	28969549
Stk38	chr17	29007995	29007996	NA	NA	DisGeNet	ENSMUSG00000024006	28970880	29007995
Dnah8	chr17	30624354	30624355	NA	NA	DisGeNet	ENSMUSG00000033826	30624354	30877365
Glp1r	chr17	30901817	30901818	NA	NA	DisGeNet	ENSMUSG00000024027	30901817	30940791
Brd4	chr17	32284722	32284723	-	CD|ND	ANCO, DisGeNet	ENSMUSG00000024002	32196274	32284722
Brd2	chr17	34122634	34122635	-	CD	ANCO	ENSMUSG00000024335	34112023	34122634
Ehmt2	chr17	34898469	34898470	NA	NA	DisGeNet	ENSMUSG00000013787	34898469	34914052
Tnf	chr17	35202007	35202008	-	CD|OD|ND|AD	ANCO	ENSMUSG00000024401	35199381	35202007
Mog	chr17	37023398	37023399	-	CD|AD	ANCO	ENSMUSG00000076439	37010743	37023398
Gabbr1	chr17	37045966	37045967	+	CD|ND|AD	ANCO, DisGeNet	ENSMUSG00000024462	37045966	37075067
Runx2	chr17	44814797	44814798	NA	NA	DisGeNet	ENSMUSG00000039153	44495987	44814797
Hsp90ab1	chr17	45573271	45573272	-	CD	ANCO	ENSMUSG00000023944	45567775	45573271
Srf	chr17	46556175	46556176	NA	NA	DisGeNet	ENSMUSG00000015605	46548329	46556175
C3	chr17	57228136	57228137	-	CD|OD|ND|AD	ANCO	ENSMUSG00000024164	57203970	57228136
Adgre1	chr17	57358691	57358692	+	CD|AD	ANCO	ENSMUSG00000004730	57358691	57483527
Arhgap28	chr17	68004120	68004121	-	OD|CD|AD	ANCO	ENSMUSG00000024043	67842713	68004120
Alk	chr17	72604627	72604628	-	CD|ND|AD	ANCO	ENSMUSG00000055471	71868972	72604627
Nlrc4	chr17	74459142	74459143	-	CD	ANCO	ENSMUSG00000039193	74425438	74459142
Prkce	chr17	86167785	86167786	+	CD|ND	ANCO	ENSMUSG00000045038	86167785	86657919
Calm2	chr17	87446935	87446936	NA	NA	DisGeNet	ENSMUSG00000036438	87433412	87446935
Aqp4	chr18	15410982	15410983	-	CD|OD|ND|AD	ANCO	ENSMUSG00000024411	15389496	15410982
Dsc2	chr18	20059554	20059555	-	CD	doi.org/10.1111/gbb.12454	ENSMUSG00000024331	20030633	20059554
Fhod3	chr18	24708623	24708624	+	CD	ANCO	ENSMUSG00000034295	24708623	25133501
Camk4	chr18	32934931	32934932	+	CD|AD	ANCO, DisGeNet	ENSMUSG00000038128	32934931	33191228
Egr1	chr18	34859823	34859824	+	CD|ND	ANCO, DisGeNet	ENSMUSG00000038418	34859823	34864984
Gnpda1	chr18	38339003	38339004	-	CD|OD|ND|AD	ANCO	ENSMUSG00000052102	38327535	38339003
Nr3c1	chr18	39519421	39519422	-	CD|OD|ND|AD	ANCO, DisGeNet	ENSMUSG00000024431	39410545	39519421
Camk2a	chr18	60925618	60925619	+	CD|AD	ANCO, DisGeNet	ENSMUSG00000024617	60925618	60988152
Adrb2	chr18	62179959	62179960	NA	NA	DisGeNet	ENSMUSG00000045730	62177816	62179959
Htr4	chr18	62324204	62324205	+	CD	doi.org/10.1111/j.1601-183X.2012.00873.x	ENSMUSG00000026322	62324204	62496577
Grp	chr18	65872820	65872821	+	CD|OD|ND|AD	ANCO	ENSMUSG00000024517	65872820	65886596
Cplx4	chr18	65970237	65970238	-	CD	ANCO	ENSMUSG00000024519	65955722	65970237
Mc4r	chr18	66860506	66860507	NA	NA	DisGeNet	ENSMUSG00000047259	66857704	66860506
Atp9b	chr18	80934060	80934061	NA	NA	DisGeNet	ENSMUSG00000024566	80734141	80934060
Galr1	chr18	82406777	82406778	-	CD|OD|ND|AD	ANCO, DisGeNet	ENSMUSG00000024553	82392380	82406777
Gstp2	chr19	4046023	4046024	-	CD|ND|AD	ANCO, DisGeNet	ENSMUSG00000038155	4040285	4046023
Grk2	chr19	4306222	4306223	-	CD	ANCO	ENSMUSG00000024858	4286001	4306222
Pcx	chr19	4510472	4510473	+	CD|OD|ND|AD	ANCO	ENSMUSG00000024892	4510472	4621752
Ccs	chr19	4839332	4839333	-	CD|ND|AD	ANCO	ENSMUSG00000034108	4825366	4839332
Npas4	chr19	4990316	4990317	-	CD|ND	ANCO	ENSMUSG00000045903	4984355	4990316
Cfl1	chr19	5490455	5490456	NA	NA	DisGeNet	ENSMUSG00000056201	5490455	5495201
Bad	chr19	6941861	6941862	+	CD|OD|ND|AD	ANCO	ENSMUSG00000024959	6941861	6951899
Aldh1a1	chr19	20492715	20492716	+	CD|ND|AD	ANCO	ENSMUSG00000053279	20492715	20643465
Jak2	chr19	29251828	29251829	+	CD|ND	ANCO	ENSMUSG00000024789	29251828	29313080
Mbl2	chr19	30232942	30232943	+	CD|ND	ANCO	ENSMUSG00000024863	30232942	30239687
Fas	chr19	34290666	34290667	+	CD|OD|ND|AD	ANCO	ENSMUSG00000024778	34290666	34327772
Cyp26a1	chr19	37697798	37697799	+	CD|ND	ANCO	ENSMUSG00000024987	37697798	37701536
Pitx3	chr19	46148326	46148327	-	OD|CD	ANCO, DisGeNet	ENSMUSG00000025229	46135685	46148326
Psd	chr19	46327156	46327157	-	CD|OD|ND|AD	ANCO	ENSMUSG00000037126	46312087	46327156
Adra2a	chr19	54044151	54044152	+	CD|OD|ND|AD	ANCO, DisGeNet	ENSMUSG00000033717	54044151	54048982
Vti1a	chr19	55316295	55316296	+	CD|ND	ANCO	ENSMUSG00000024983	55316295	55627309
Slc18a2	chr19	59260896	59260897	+	CD|ND|AD	ANCO, DisGeNet	ENSMUSG00000025094	59260896	59296012
Grk5	chr19	60889749	60889750	+	OD|CD|AD	ANCO	ENSMUSG00000003228	60889749	61095968
Cdnf	chr2	3513030	3513031	+	CD	ANCO, DisGeNet	ENSMUSG00000039496	3513030	3526376
Fam107b	chr2	3570488	3570489	+	CD|AD	ANCO	ENSMUSG00000026655	3570488	3782142
Rsu1	chr2	13271415	13271416	-	CD	ANCO	ENSMUSG00000026727	13076821	13271415
Trdmt1	chr2	13544668	13544669	-	CD	ANCO	ENSMUSG00000026723	13509014	13544668
Gad2	chr2	22622205	22622206	+	CD|ND|AD	ANCO, DisGeNet	ENSMUSG00000026787	22622205	22693874
Ehmt1	chr2	24919614	24919615	NA	NA	DisGeNet	ENSMUSG00000036893	24789928	24919614
Grin1	chr2	25319187	25319188	NA	NA	DisGeNet	ENSMUSG00000026959	25291181	25319187
Gpsm1	chr2	26315515	26315516	NA	NA	DisGeNet	ENSMUSG00000026930	26315515	26348237
Dbh	chr2	27165233	27165234	+	CD|OD|ND|AD	ANCO, DisGeNet	ENSMUSG00000000889	27165233	27183200
Brd3	chr2	27507662	27507663	-	CD|ND	ANCO	ENSMUSG00000026918	27445579	27507662
Ntng2	chr2	29253005	29253006	NA	NA	DisGeNet	ENSMUSG00000035513	29194541	29253005
Ncs1	chr2	31245823	31245824	NA	NA	DisGeNet	ENSMUSG00000062661	31245823	31295989
Stxbp1	chr2	32847245	32847246	-	CD	ANCO	ENSMUSG00000026797	32787602	32847245
Nr4a2	chr2	57124003	57124004	NA	NA	DisGeNet	ENSMUSG00000026826	57106830	57124003
Itgb6	chr2	60722643	60722644	-	CD|ND	ANCO	ENSMUSG00000026971	60598292	60722643
Gcg	chr2	62483650	62483651	NA	NA	DisGeNet	ENSMUSG00000000394	62474530	62483650
Scn1a	chr2	66440840	66440841	NA	NA	DisGeNet	ENSMUSG00000064329	66270778	66440840
Gad1	chr2	70553072	70553073	+	CD|AD	ANCO, DisGeNet	ENSMUSG00000070880	70553072	70602014
Mir130a	chr2	84741178	84741179	NA	NA	DisGeNet	ENSMUSG00000065484	84741115	84741178
Prg2	chr2	84980461	84980462	+	CD|ND|AD	ANCO	ENSMUSG00000027073	84980461	84983632
F2	chr2	91636414	91636415	-	CD|ND|AD	ANCO	ENSMUSG00000027249	91625320	91636414
Ambra1	chr2	91730134	91730135	+	OD|CD	ANCO	ENSMUSG00000040506	91730134	91918849
Chrm4	chr2	91927249	91927250	+	OD|CD	ANCO, DisGeNet	ENSMUSG00000040495	91927249	91928688
Dgkz	chr2	91975864	91975865	-	OD|CD	ANCO	ENSMUSG00000040479	91932824	91975864
Cry2	chr2	92434043	92434044	-	CD|ND|AD	ANCO	ENSMUSG00000068742	92403646	92434043
Syt13	chr2	92915098	92915099	NA	NA	DisGeNet	ENSMUSG00000027220	92915098	92956058
Accs	chr2	93849943	93849944	NA	NA	DisGeNet	ENSMUSG00000040272	93833467	93849943
Rag1	chr2	101649501	101649502	-	CD|ND	ANCO	ENSMUSG00000061311	101638282	101649501
Slc1a2	chr2	102658659	102658660	NA	NA	DisGeNet	ENSMUSG00000005089	102658659	102790784
Cat	chr2	103485160	103485161	-	CD|OD|ND|AD	ANCO	ENSMUSG00000027187	103453849	103485160
Bdnf	chr2	109674700	109674701	+	CD|OD|ND|AD	ANCO, DisGeNet	ENSMUSG00000048482	109674700	109727007
Chrm5	chr2	112480769	112480770	NA	NA	DisGeNet	ENSMUSG00000074939	112479171	112480769
Ehd4	chr2	120154606	120154607	-	CD|ND	ANCO	ENSMUSG00000027293	120089175	120154606
Il1b	chr2	129371139	129371140	-	CD|OD|ND|AD	ANCO	ENSMUSG00000027398	129364570	129371139
Pdyn	chr2	129699844	129699845	-	CD|OD|ND|AD	ANCO, DisGeNet	ENSMUSG00000027400	129686565	129699844
Oxt	chr2	130576173	130576174	+	CD|ND|AD	ANCO	ENSMUSG00000027301	130576173	130577054
Avp	chr2	130582554	130582555	-	CD|OD|ND|AD	ANCO, DisGeNet	ENSMUSG00000037727	130580620	130582554
Cdc25b	chr2	131186949	131186950	+	CD|ND	ANCO, DisGeNet	ENSMUSG00000027330	131186949	131198497
Pcna	chr2	132253314	132253315	-	CD|ND|AD	ANCO	ENSMUSG00000027342	132249162	132253314
Fermt1	chr2	132945906	132945907	-	CD	ANCO	ENSMUSG00000027356	132904389	132945906
Snap25	chr2	136713453	136713454	+	CD|ND	ANCO	ENSMUSG00000027273	136713453	136782428
Snph	chr2	151632593	151632594	-	CD	ANCO	ENSMUSG00000027457	151590549	151632593
Dnmt3b	chr2	153649450	153649451	+	CD|ND	ANCO	ENSMUSG00000027478	153649450	153687730
Bpifb4	chr2	153938221	153938222	+	CD	ANCO	ENSMUSG00000074665	153938221	153964101
Itch	chr2	155133509	155133510	+	CD|ND|AD	ANCO	ENSMUSG00000027598	155133509	155226855
Acss2	chr2	155517948	155517949	NA	NA	DisGeNet	ENSMUSG00000027605	155517948	155585724
Src	chr2	157418444	157418445	+	CD|OD|ND|AD	ANCO	ENSMUSG00000027646	157418444	157471862
Mmp9	chr2	164940780	164940781	+	CD|ND	ANCO	ENSMUSG00000017737	164940780	164955850
Tfap2c	chr2	172549593	172549594	+	CD	ANCO, DisGeNet	ENSMUSG00000028640	172549593	172558622
Psma7	chr2	180042433	180042434	-	CD|OD|ND|AD	ANCO	ENSMUSG00000027566	180036374	180042433
Ntsr1	chr2	180499976	180499977	+	CD|ND	ANCO	ENSMUSG00000027568	180499976	180544980
Mir124a-3	chr2	180894040	180894041	NA	NA	DisGeNet	ENSMUSG00000065454	180894040	180894107
Chrna4	chr2	181043546	181043547	NA	NA	DisGeNet	ENSMUSG00000027577	181018380	181043546
Oprl1	chr2	181715016	181715017	NA	NA	DisGeNet	ENSMUSG00000027584	181715016	181720985
Car1	chr3	14808368	14808369	-	CD|OD|ND|AD	ANCO	ENSMUSG00000027556	14766216	14808368
Car3	chr3	14863512	14863513	+	CD|OD|ND|AD	ANCO	ENSMUSG00000027559	14863512	14872523
Car2	chr3	14886273	14886274	+	CD|OD|ND|AD	ANCO	ENSMUSG00000027562	14886273	14900770
Crh	chr3	19695396	19695397	-	CD|OD|ND|AD	ANCO, DisGeNet	ENSMUSG00000049796	19693401	19695396
Cp	chr3	19957054	19957055	+	CD|OD|ND|AD	ANCO	ENSMUSG00000003617	19957054	20009145
Nlgn1	chr3	26332460	26332461	-	CD	ANCO	ENSMUSG00000063887	25426215	26332460
Pik3ca	chr3	32397671	32397672	NA	NA	DisGeNet	ENSMUSG00000027665	32397671	32468486
Sox2	chr3	34650405	34650406	+	CD|OD|ND|AD	ANCO	ENSMUSG00000074637	34650405	34652461
Fgf2	chr3	37348346	37348347	NA	NA	DisGeNet	ENSMUSG00000037225	37348346	37410108
Sis	chr3	72967863	72967864	-	CD|OD|ND|AD	ANCO	ENSMUSG00000027790	72888557	72967863
Bche	chr3	73708415	73708416	-	CD|ND|AD	ANCO, DisGeNet	ENSMUSG00000027792	73635808	73708415
Gria2	chr3	80802835	80802836	NA	NA	DisGeNet	ENSMUSG00000033981	80681450	80802835
Npy2r	chr3	82548084	82548085	-	CD|ND|AD	ANCO, DisGeNet	ENSMUSG00000028004	82538383	82548084
Tlr2	chr3	83841767	83841768	-	CD|OD|ND|AD	ANCO	ENSMUSG00000027995	83836272	83841767
Mir9-1	chr3	88215598	88215599	NA	NA	DisGeNet	ENSMUSG00000106493	88215598	88215686
She	chr3	89831370	89831371	+	CD|OD|ND|AD	ANCO	ENSMUSG00000046280	89831370	89858834
S100a10	chr3	93555080	93555081	+	CD|ND|AD	ANCO	ENSMUSG00000041959	93555080	93564643
Hmgcs2	chr3	98280435	98280436	+	CD	ANCO	ENSMUSG00000027875	98280435	98310738
Ngf	chr3	102469919	102469920	+	CD|OD|ND|AD	ANCO, DisGeNet	ENSMUSG00000027859	102469919	102521013
Sars	chr3	108445209	108445210	-	CD|ND	ANCO	ENSMUSG00000068739	108424865	108445209
Ntng1	chr3	110144011	110144012	-	CD|AD	ANCO, DisGeNet	ENSMUSG00000059857	109780040	110144011
Prmt6	chr3	110250998	110250999	-	CD	ANCO, DisGeNet	ENSMUSG00000049300	110246109	110250998
Mir137	chr3	118433857	118433858	NA	NA	DisGeNet	ENSMUSG00000065569	118433857	118433929
F3	chr3	121723537	121723538	+	CD|ND|AD	ANCO	ENSMUSG00000028128	121723537	121735048
Cfi	chr3	129835884	129835885	+	CD|OD|ND|AD	ANCO	ENSMUSG00000058952	129835884	129875332
Tacr3	chr3	134829007	134829008	+	CD|AD	ANCO, DisGeNet	ENSMUSG00000028172	134829007	134934579
Nfkb1	chr3	135691547	135691548	-	CD|ND|AD	ANCO	ENSMUSG00000028163	135584655	135691547
Adh4	chr3	138415466	138415467	+	CD|OD|ND|AD	ANCO	ENSMUSG00000037797	138415466	138430892
Lmo4	chr3	144205220	144205221	-	CD	ANCO	ENSMUSG00000028266	144188530	144205220
Mir186	chr3	157544279	157544280	NA	NA	DisGeNet	ENSMUSG00000065431	157544279	157544349
Lrrc7	chr3	158562221	158562222	NA	NA	DisGeNet	ENSMUSG00000028176	158082891	158562221
Wls	chr3	159839672	159839673	+	CD|OD|ND|AD	ANCO	ENSMUSG00000028173	159839672	159938664
Lyn	chr4	3678115	3678116	+	CD|ND|AD	ANCO	ENSMUSG00000042228	3678115	3813122
Mos	chr4	3872105	3872106	-	CD|OD|ND|AD	ANCO	ENSMUSG00000078365	3870657	3872105
Penk	chr4	4138819	4138820	-	CD|OD|ND|AD	ANCO, DisGeNet	ENSMUSG00000045573	4133531	4138819
Ints8	chr4	11254258	11254259	NA	NA	DisGeNet	ENSMUSG00000040738	11199158	11254258
Decr1	chr4	15945507	15945508	NA	NA	DisGeNet	ENSMUSG00000028223	15917240	15945507
Manea	chr4	26346891	26346892	-	CD|OD|ND|AD	ANCO, DisGeNet	ENSMUSG00000040520	26324506	26346891
Cnr1	chr4	33924593	33924594	+	CD|OD|ND|AD	ANCO, DisGeNet	ENSMUSG00000044288	33924593	33948831
Sigmar1	chr4	41756157	41756158	NA	NA	DisGeNet	ENSMUSG00000036078	41738493	41756157
Vcp	chr4	43000507	43000508	-	CD|ND	ANCO	ENSMUSG00000028452	42979963	43000507
Reck	chr4	43875530	43875531	+	CD|ND	ANCO, DisGeNet	ENSMUSG00000028476	43875530	43944806
Gne	chr4	44084177	44084178	-	CD	ANCO	ENSMUSG00000028479	44034075	44084177
Tlr4	chr4	66827584	66827585	+	CD|OD|ND|AD	ANCO, DisGeNet	ENSMUSG00000039005	66827584	66930284
Rps6	chr4	86857412	86857413	-	CD	ANCO	ENSMUSG00000028495	86854660	86857412
Jun	chr4	95052222	95052223	-	CD|OD|ND|AD	ANCO	ENSMUSG00000052684	95049034	95052222
Prkaa2	chr4	105109890	105109891	NA	NA	DisGeNet	ENSMUSG00000028518	105029874	105109890
Faah	chr4	116017926	116017927	NA	NA	DisGeNet	ENSMUSG00000034171	115967145	116017926
Zswim5	chr4	116877376	116877377	+	CD	ANCO	ENSMUSG00000033948	116877376	116989264
Dmap1	chr4	117682273	117682274	-	CD	ANCO	ENSMUSG00000009640	117674681	117682273
Artn	chr4	117929763	117929764	NA	NA	DisGeNet	ENSMUSG00000028539	117926162	117929763
Mir30c-1	chr4	120769622	120769623	NA	NA	DisGeNet	ENSMUSG00000065490	120769534	120769622
Hdac1	chr4	129542713	129542714	-	CD|ND|AD	ANCO	ENSMUSG00000028800	129516104	129542713
Hcrtr1	chr4	130139359	130139360	-	CD|ND	ANCO, DisGeNet	ENSMUSG00000028778	130130217	130139359
Oprd1	chr4	132144486	132144487	-	OD|CD|AD	ANCO, DisGeNet	ENSMUSG00000050511	132110726	132144486
Cda	chr4	138367992	138367993	-	CD|ND|AD	ANCO	ENSMUSG00000028755	138338424	138367992
Mthfr	chr4	148039077	148039078	+	CD|ND|AD	ANCO	ENSMUSG00000029009	148039077	148059551
Mtor	chr4	148448611	148448612	+	CD|ND|AD	ANCO	ENSMUSG00000028991	148448611	148557683
Srm	chr4	148591503	148591504	+	CD|OD|ND|AD	ANCO	ENSMUSG00000006442	148591503	148594993
Cort	chr4	149126763	149126764	-	CD|ND|AD	ANCO	ENSMUSG00000028971	149125034	149126763
Pik3cd	chr4	149702571	149702572	NA	NA	DisGeNet	ENSMUSG00000039936	149649168	149702571
Abcb1a	chr5	8660077	8660078	+	CD|OD|ND|AD	ANCO, DisGeNet	ENSMUSG00000040584	8660077	8748575
Grm3	chr5	9725170	9725171	-	CD|ND|AD	ANCO, DisGeNet	ENSMUSG00000003974	9485541	9725170
Cdk5	chr5	24423530	24423531	-	CD|OD|ND|AD	ANCO, DisGeNet	ENSMUSG00000028969	24418241	24423530
Htr5a	chr5	27842149	27842150	NA	NA	DisGeNet	ENSMUSG00000039106	27842149	27855088
Ube3c	chr5	29569242	29569243	+	OD|CD	ANCO	ENSMUSG00000039000	29569242	29676092
Il6	chr5	30013114	30013115	+	CD|ND|AD	ANCO	ENSMUSG00000025746	30013114	30019981
Ucn	chr5	31138829	31138830	-	CD|AD	ANCO	ENSMUSG00000038676	31138063	31138829
Fosl2	chr5	32135801	32135802	+	CD	ANCO	ENSMUSG00000029135	32135801	32157842
Htt	chr5	34761740	34761741	+	CD|OD|ND|AD	ANCO	ENSMUSG00000029104	34761740	34912534
Adra2c	chr5	35278319	35278320	+	CD|ND|AD	ANCO	ENSMUSG00000045318	35278319	35281763
Drd5	chr5	38319367	38319368	+	CD|ND|AD	ANCO	ENSMUSG00000039358	38319367	38322518
Tbc1d1	chr5	64156305	64156306	+	CD	ANCO	ENSMUSG00000029174	64156305	64351486
Klhl5	chr5	65107539	65107540	NA	NA	DisGeNet	ENSMUSG00000054920	65107539	65168188
Apbb2	chr5	66618784	66618785	-	OD|CD	ANCO	ENSMUSG00000029207	66298703	66618784
Gabra2	chr5	71095849	71095850	-	CD|OD|ND|AD	ANCO, DisGeNet	ENSMUSG00000000560	70957597	71095849
Lnx1	chr5	74702912	74702913	-	CD|AD	ANCO	ENSMUSG00000029228	74592447	74702912
Kit	chr5	75574916	75574917	+	CD|OD|ND|AD	ANCO	ENSMUSG00000005672	75574916	75656722
Clock	chr5	76304792	76304793	-	CD|OD|ND|AD	ANCO, DisGeNet	ENSMUSG00000029238	76209868	76304792
Pdcl2	chr5	76331156	76331157	-	OD|CD	ANCO	ENSMUSG00000029235	76312115	76331156
Nmu	chr5	76363788	76363789	-	CD|OD|ND	ANCO	ENSMUSG00000029236	76333495	76363788
Igfbp7	chr5	77408041	77408042	-	CD|OD|ND|AD	ANCO	ENSMUSG00000036256	77349240	77408041
Epha5	chr5	84417382	84417383	-	CD|AD	ANCO	ENSMUSG00000029245	84054761	84417382
Gc	chr5	89457898	89457899	-	CD|OD|ND|AD	ANCO	ENSMUSG00000035540	89417522	89457898
Btc	chr5	91402994	91402995	-	CD|ND	ANCO	ENSMUSG00000082361	91357261	91402994
Brdt	chr5	107331159	107331160	+	CD|ND	ANCO	ENSMUSG00000029279	107331159	107387058
Cplx1	chr5	108550024	108550025	-	CD	ANCO	ENSMUSG00000033615	108518554	108550024
Pole	chr5	110286306	110286307	+	CD|ND|AD	ANCO	ENSMUSG00000007080	110286306	110337474
Grk3	chr5	113015791	113015792	-	OD|CD	ANCO, DisGeNet	ENSMUSG00000042249	112910482	113015791
Cit	chr5	115845278	115845279	+	CD|OD|ND|AD	ANCO	ENSMUSG00000029516	115845278	116008947
Prkab1	chr5	116024508	116024509	NA	NA	DisGeNet	ENSMUSG00000029513	116013586	116024508
Aldh2	chr5	121593824	121593825	-	CD|OD|ND|AD	ANCO	ENSMUSG00000029455	121566027	121593824
Ncor2	chr5	125179219	125179220	-	CD	ANCO, DisGeNet	ENSMUSG00000029478	125017153	125179219
Scarb1	chr5	125341094	125341095	NA	NA	DisGeNet	ENSMUSG00000037936	125277087	125341094
Rimbp2	chr5	128953486	128953487	-	CD|ND|AD	ANCO	ENSMUSG00000029420	128757791	128953486
Ran	chr5	129020069	129020070	+	CD|OD|ND|AD	ANCO	ENSMUSG00000029430	129020069	129024323
Sbds	chr5	130255530	130255531	-	CD|OD|ND|AD	ANCO	ENSMUSG00000025337	130245731	130255530
Lat2	chr5	134615025	134615026	-	CD|ND	ANCO	ENSMUSG00000040751	134600022	134615025
Stx1a	chr5	135023482	135023483	+	CD|AD	ANCO	ENSMUSG00000007207	135023482	135051100
Ache	chr5	137287519	137287520	+	CD|OD|ND|AD	ANCO	ENSMUSG00000023328	137287519	137294466
Ephb4	chr5	137350109	137350110	+	CD|ND	ANCO	ENSMUSG00000029710	137350109	137378669
Cyp3a13	chr5	137921619	137921620	-	CD|OD|ND|AD	ANCO	ENSMUSG00000029727	137892932	137921619
Actb	chr5	142906754	142906755	NA	NA	DisGeNet	ENSMUSG00000029580	142903115	142906754
Smurf1	chr5	144965847	144965848	NA	NA	DisGeNet	ENSMUSG00000038780	144876495	144965847
Ppp1r3a	chr6	14755274	14755275	-	CD	ANCO	ENSMUSG00000042717	14713977	14755274
Tes	chr6	17065149	17065150	+	CD|OD|ND|AD	ANCO	ENSMUSG00000029552	17065149	17105828
Cav1	chr6	17306335	17306336	+	CD|ND|AD	ANCO	ENSMUSG00000007655	17306335	17341452
Gcc1	chr6	28428390	28428391	NA	NA	DisGeNet	ENSMUSG00000029708	28416091	28428390
Lep	chr6	29060220	29060221	NA	NA	DisGeNet	ENSMUSG00000059201	29060220	29073877
Chrm2	chr6	36388084	36388085	+	CD|AD	doi.org/10.1093/hmg/ddi244	ENSMUSG00000045613	36388084	36528414
Kel	chr6	41704339	41704340	-	CD|ND	ANCO	ENSMUSG00000029866	41686330	41704339
Npy	chr6	49822710	49822711	+	CD|OD|ND|AD	ANCO, DisGeNet	ENSMUSG00000029819	49822710	49829507
Crhr2	chr6	55133016	55133017	NA	NA	DisGeNet	ENSMUSG00000003476	55090049	55133016
Snca	chr6	60829855	60829856	-	CD|OD|ND|AD	ANCO, DisGeNet	ENSMUSG00000025889	60731575	60829855
Ccser1	chr6	61180324	61180325	NA	NA	DisGeNet	ENSMUSG00000039578	61180324	62382865
Eif2ak3	chr6	70844515	70844516	+	CD|ND	ANCO	ENSMUSG00000031668	70844515	70905245
Polr1a	chr6	71909053	71909054	+	CD	ANCO	ENSMUSG00000049553	71909053	71984935
Lrrtm4	chr6	80018877	80018878	+	CD	ANCO	ENSMUSG00000052581	80018877	80810143
Cyp26b1	chr6	84593908	84593909	-	CD	ANCO	ENSMUSG00000063415	84571414	84593908
Spr	chr6	85137766	85137767	-	CD|OD|ND	ANCO	ENSMUSG00000033735	85130176	85137766
Egr4	chr6	85513589	85513590	-	CD	doi.org/10.1111/adb.12330	ENSMUSG00000071341	85511121	85513589
Tgfa	chr6	86195223	86195224	NA	NA	DisGeNet	ENSMUSG00000029999	86195223	86275719
Trh	chr6	92244650	92244651	-	CD|OD|ND|AD	ANCO	ENSMUSG00000005892	92242061	92244650
Oxtr	chr6	112489943	112489944	-	CD|ND|AD	ANCO	ENSMUSG00000049112	112473683	112489943
Ghrl	chr6	113719880	113719881	NA	NA	DisGeNet	ENSMUSG00000064177	113716119	113719880
Rho	chr6	115931748	115931749	+	CD|OD|ND|AD	ANCO	ENSMUSG00000030324	115931748	115940036
Cxcl12	chr6	117168535	117168536	+	CD|ND|AD	ANCO	ENSMUSG00000061353	117168535	117181367
Cacna1c	chr6	119196890	119196891	-	CD|ND|AD	ANCO	ENSMUSG00000051331	118587240	119196890
Bid	chr6	120916853	120916854	-	CD|OD|ND|AD	ANCO	ENSMUSG00000004446	120891930	120916853
Cd4	chr6	124888221	124888222	-	CD|OD|ND|AD	ANCO	ENSMUSG00000023274	124864692	124888221
Vamp1	chr6	125215551	125215552	+	CD	ANCO	ENSMUSG00000030337	125215551	125245964
Vwf	chr6	125546774	125546775	+	CD|ND|AD	ANCO	ENSMUSG00000001930	125546774	125686679
5430401F13Rik	chr6	131486400	131486401	+	CD|ND|AD	ANCO	ENSMUSG00000094113	131486400	131553763
Grin2b	chr6	136173511	136173512	-	CD|OD|ND|AD	ANCO	ENSMUSG00000030209	135713233	136173511
Gp6	chr7	4397744	4397745	-	CD|ND	ANCO	ENSMUSG00000078810	4363965	4397744
Napa	chr7	16098458	16098459	+	CD|ND	ANCO	ENSMUSG00000006024	16098458	16117975
Fosb	chr7	19310051	19310052	-	CD|OD|ND|AD	ANCO, DisGeNet	ENSMUSG00000003545	19302696	19310051
Apoe	chr7	19699188	19699189	-	CD|ND|AD	ANCO	ENSMUSG00000002985	19696109	19699188
Spint2	chr7	29281912	29281913	NA	NA	DisGeNet	ENSMUSG00000074227	29256323	29281912
Aplp1	chr7	30445535	30445536	-	CD	ANCO	ENSMUSG00000006651	30434982	30445535
Mag	chr7	30914873	30914874	-	CD|ND|AD	ANCO	ENSMUSG00000036634	30899176	30914873
Prmt1	chr7	44986568	44986569	-	CD	ANCO	ENSMUSG00000109324	44975989	44986568
Bax	chr7	45466898	45466899	-	CD|OD|ND|AD	ANCO	ENSMUSG00000003873	45461697	45466898
Dbp	chr7	45705088	45705089	+	CD|OD|ND|AD	ANCO	ENSMUSG00000059824	45705088	45710203
Kcnj11	chr7	46100764	46100765	-	CD|ND	ANCO	ENSMUSG00000096146	46093953	46100764
Gabrg3	chr7	57387188	57387189	-	CD|AD	ANCO	ENSMUSG00000055026	56716465	57387188
Gabrb3	chr7	57419692	57419693	+	CD|ND|AD	ANCO	ENSMUSG00000033676	57419692	57828802
Homer2	chr7	81707527	81707528	-	CD|AD	ANCO, DisGeNet	ENSMUSG00000025813	81600481	81707527
Tyr	chr7	87493512	87493513	-	CD|OD|ND|AD	ANCO	ENSMUSG00000004651	87424771	87493512
Grm5	chr7	87584168	87584169	NA	NA	DisGeNet	ENSMUSG00000049583	87584168	88134907
Ddias	chr7	92874247	92874248	NA	NA	DisGeNet	ENSMUSG00000030641	92857525	92874247
Prcp	chr7	92874470	92874471	NA	NA	DisGeNet	ENSMUSG00000061119	92874470	92934583
Snord15a	chr7	99482932	99482933	NA	NA	DisGeNet	ENSMUSG00000065822	99482785	99482932
Cckbr	chr7	105425731	105425732	NA	NA	DisGeNet	ENSMUSG00000030898	105425731	105470898
Ilk	chr7	105736592	105736593	NA	NA	DisGeNet	ENSMUSG00000030890	105736592	105742925
Wee1	chr7	110122046	110122047	+	CD|ND	ANCO, DisGeNet	ENSMUSG00000031016	110122046	110143286
Pth	chr7	113388570	113388571	-	CD|OD|ND|AD	ANCO	ENSMUSG00000059077	113385580	113388570
Umod	chr7	119479282	119479283	NA	NA	DisGeNet	ENSMUSG00000030963	119462711	119479282
Gsg1l	chr7	126082411	126082412	-	OD|CD	ANCO	ENSMUSG00000046182	125878420	126082411
Cd19	chr7	126414889	126414890	-	CD|ND|AD	ANCO	ENSMUSG00000030724	126408450	126414889
Mapk3	chr7	126759601	126759602	+	CD|ND|AD	ANCO, DisGeNet	ENSMUSG00000063065	126759601	126765819
Vkorc1	chr7	127895617	127895618	-	CD|ND|AD	ANCO	ENSMUSG00000096145	127893063	127895617
Fam53b	chr7	132813886	132813887	-	CD|AD	ANCO, DisGeNet	ENSMUSG00000030956	132712082	132813886
Nps	chr7	135258703	135258704	+	CD|OD|ND|AD	ANCO, DisGeNet	ENSMUSG00000073804	135258703	135272942
Cyp2e1	chr7	140763739	140763740	+	CD|ND|AD	ANCO	ENSMUSG00000025479	140763739	140774987
Drd4	chr7	141292006	141292007	+	CD|OD|ND|AD	ANCO, DisGeNet	ENSMUSG00000025496	141292006	141296464
Ins2	chr7	142743381	142743382	-	CD|OD|ND|AD	ANCO	ENSMUSG00000000215	142678656	142743381
Th	chr7	142931128	142931129	-	CD|OD|ND|AD	ANCO	ENSMUSG00000000214	142892752	142931128
Kcnq1	chr7	143106362	143106363	NA	NA	DisGeNet	ENSMUSG00000009545	143106362	143427042
Cars	chr7	143600090	143600091	-	CD|ND|AD	ANCO	ENSMUSG00000010755	143557230	143600090
Fadd	chr7	144582463	144582464	-	CD|OD|ND	ANCO	ENSMUSG00000031077	144577318	144582463
Shcbp1	chr8	4779567	4779568	NA	NA	DisGeNet	ENSMUSG00000022322	4735976	4779567
Chrnb3	chr8	27368711	27368712	+	CD|ND|AD	ANCO, DisGeNet	ENSMUSG00000031492	27368711	27399730
Chrna6	chr8	27413944	27413945	-	CD|ND|AD	ANCO, DisGeNet	ENSMUSG00000031491	27403212	27413944
Fut10	chr8	31187331	31187332	+	CD	ANCO	ENSMUSG00000046152	31187331	31261738
Tlr3	chr8	45411080	45411081	-	CD|OD|ND|AD	ANCO, DisGeNet	ENSMUSG00000031639	45395665	45411080
Tenm3	chr8	48843951	48843952	NA	NA	DisGeNet	ENSMUSG00000031561	48227682	48843951
Cpe	chr8	64693054	64693055	-	OD|CD|ND|AD	ANCO	ENSMUSG00000037852	64592542	64693054
Npy5r	chr8	66688128	66688129	-	CD|AD	ANCO	ENSMUSG00000044014	66679965	66688128
Npy1r	chr8	66697192	66697193	+	CD|OD|ND|AD	ANCO	ENSMUSG00000036437	66697192	66706792
Cope	chr8	70302518	70302519	+	CD|OD|ND|AD	ANCO	ENSMUSG00000055681	70302518	70312993
Pgpep1	chr8	70660388	70660389	NA	NA	DisGeNet	ENSMUSG00000056204	70646435	70660388
Jund	chr8	70698949	70698950	NA	NA	DisGeNet	ENSMUSG00000071076	70698949	70700616
Rab3a	chr8	70754679	70754680	+	CD	ANCO	ENSMUSG00000031840	70754679	70758677
F2rl3	chr8	72761880	72761881	NA	NA	DisGeNet	ENSMUSG00000050147	72761880	72763874
Nr3c2	chr8	76899442	76899443	+	CD|OD|ND|AD	ANCO	ENSMUSG00000031618	76899442	77245012
Smad1	chr8	79399518	79399519	NA	NA	DisGeNet	ENSMUSG00000031681	79338395	79399518
Smarca5	chr8	80739497	80739498	NA	NA	DisGeNet	ENSMUSG00000031715	80698507	80739497
Junb	chr8	84978718	84978719	-	CD|ND	ANCO	ENSMUSG00000052837	84976910	84978718
Siah1a	chr8	86745934	86745935	-	CD	ANCO	ENSMUSG00000036840	86724007	86745934
Ces1g	chr8	93337308	93337309	NA	NA	DisGeNet	ENSMUSG00000057074	93302369	93337308
Cx3cl1	chr8	94772009	94772010	+	CD|ND	ANCO	ENSMUSG00000031778	94772009	94782427
Ces2f	chr8	104947356	104947357	NA	NA	DisGeNet	ENSMUSG00000062826	104947356	104960047
Nol3	chr8	105276140	105276141	NA	NA	DisGeNet	ENSMUSG00000014776	105276140	105281939
Agrp	chr8	105637393	105637394	NA	NA	DisGeNet	ENSMUSG00000005705	105566698	105637393
Ctrl	chr8	105933862	105933863	-	CD|ND|AD	ANCO	ENSMUSG00000031896	105932003	105933862
Pla2g15	chr8	106150399	106150400	NA	NA	DisGeNet	ENSMUSG00000031903	106150399	106164715
Nfat5	chr8	107293470	107293471	+	CD|ND|AD	ANCO, DisGeNet	ENSMUSG00000003847	107293470	107379517
Hp	chr8	109579172	109579173	-	CD|OD|ND|AD	ANCO	ENSMUSG00000031722	109575128	109579172
Tat	chr8	109990437	109990438	+	CD|OD|ND|AD	ANCO	ENSMUSG00000001670	109990437	109999803
Fa2h	chr8	111393824	111393825	-	CD|OD|ND|AD	ANCO	ENSMUSG00000033579	111345135	111393824
Znrf1	chr8	111536097	111536098	+	CD	ANCO	ENSMUSG00000033545	111536097	111626030
Gan	chr8	117158135	117158136	+	CD|ND	ANCO	ENSMUSG00000052557	117158135	117215997
Atp2c2	chr8	119700009	119700010	NA	NA	DisGeNet	ENSMUSG00000034112	119700009	119757717
Mvd	chr8	122443422	122443423	-	CD|ND	ANCO	ENSMUSG00000006517	122433601	122443422
Disc1	chr8	125054195	125054196	+	CD|OD|ND|AD	ANCO	ENSMUSG00000043051	125054195	125261858
Dnmt1	chr9	20959888	20959889	-	CD|ND|AD	ANCO	ENSMUSG00000004099	20907209	20959888
Zglp1	chr9	21067093	21067094	NA	NA	DisGeNet	ENSMUSG00000079681	21062393	21067093
Tyk2	chr9	21131243	21131244	NA	NA	DisGeNet	ENSMUSG00000032175	21104068	21131243
Smarca4	chr9	21616169	21616170	NA	NA	DisGeNet	ENSMUSG00000032187	21616169	21704230
Acp5	chr9	22135711	22135712	-	CD|ND|AD	ANCO	ENSMUSG00000001348	22126727	22135711
Npsr1	chr9	24097996	24097997	NA	NA	DisGeNet	ENSMUSG00000043659	24097996	24316398
Nrgn	chr9	37552904	37552905	NA	NA	DisGeNet	ENSMUSG00000053310	37544492	37552904
Jhy	chr9	40964118	40964119	-	CD	ANCO	ENSMUSG00000032023	40894849	40964118
Htr3a	chr9	48911099	48911100	-	CD|OD|ND|AD	ANCO	ENSMUSG00000032269	48899213	48911099
Htr3b	chr9	48964990	48964991	-	CD|ND|AD	ANCO	ENSMUSG00000008590	48935008	48964990
Drd2	chr9	49340627	49340628	+	CD|OD|ND|AD	ANCO, DisGeNet	ENSMUSG00000032259	49340627	49408177
Ankk1	chr9	49427021	49427022	-	CD|OD|ND|AD	ANCO, DisGeNet	ENSMUSG00000032257	49415194	49427021
Ncam1	chr9	49798925	49798926	-	CD|OD|ND|AD	ANCO	ENSMUSG00000039542	49502136	49798925
Atm	chr9	53536740	53536741	-	CD|ND|AD	ANCO	ENSMUSG00000034218	53439149	53536740
Chrna5	chr9	54980880	54980881	+	CD|OD|ND|AD	ANCO, DisGeNet	ENSMUSG00000035594	54980880	55007779
Chrna3	chr9	55026562	55026563	-	CD|OD|ND|AD	ANCO, DisGeNet	ENSMUSG00000032303	55010111	55026562
Chrnb4	chr9	55048779	55048780	-	CD|OD|ND|AD	ANCO, DisGeNet	ENSMUSG00000035200	55028154	55048779
Cplx3	chr9	57606281	57606282	-	CD	ANCO	ENSMUSG00000039714	57599992	57606281
Cyp1a2	chr9	57683703	57683704	-	CD|OD|ND|AD	ANCO	ENSMUSG00000032310	57676937	57683703
Cyp11a1	chr9	58006411	58006412	NA	NA	DisGeNet	ENSMUSG00000032323	58006411	58027023
Smad3	chr9	63757994	63757995	NA	NA	DisGeNet	ENSMUSG00000032402	63646767	63757994
Map2k1	chr9	64253631	64253632	NA	NA	DisGeNet	ENSMUSG00000004936	64185770	64253631
Ice2	chr9	69397906	69397907	NA	NA	DisGeNet	ENSMUSG00000032235	69397906	69433122
Polr2m	chr9	71485935	71485936	-	CD|AD	ANCO	ENSMUSG00000032199	71478437	71485935
Pigb	chr9	73040378	73040379	-	CD	ANCO	ENSMUSG00000079469	73007419	73040378
Cgas	chr9	78443237	78443238	-	CD|ND	ANCO	ENSMUSG00000032344	78430526	78443237
Htr1b	chr9	81633828	81633829	NA	NA	DisGeNet	ENSMUSG00000049511	81628291	81633828
Me1	chr9	86695953	86695954	-	CD	ANCO	ENSMUSG00000032418	86581371	86695953
Trpc1	chr9	95750375	95750376	-	CD|ND|AD	ANCO	ENSMUSG00000032839	95705082	95750375
Pik3cb	chr9	99140621	99140622	NA	NA	DisGeNet	ENSMUSG00000032462	99036654	99140621
Tlr9	chr9	106222598	106222599	+	CD|OD|ND|AD	ANCO	ENSMUSG00000045322	106222598	106226883
Grm2	chr9	106656082	106656083	NA	NA	DisGeNet	ENSMUSG00000023192	106643095	106656082
Rhoa	chr9	108306129	108306130	NA	NA	DisGeNet	ENSMUSG00000007815	108306129	108337934
Camp	chr9	109849617	109849618	-	CD|OD|ND|AD	ANCO	ENSMUSG00000038357	109847379	109849617
Mobp	chr9	120149707	120149708	+	CD|AD	ANCO	ENSMUSG00000032517	120149707	120181484
Cck	chr9	121495694	121495695	-	CD|OD|ND|AD	ANCO	ENSMUSG00000032532	121489824	121495694
Ccr5	chr9	124121543	124121544	+	CD|OD|ND|AD	ANCO	ENSMUSG00000079227	124121543	124147699
Foxp3	chrX	7573644	7573645	+	CD|ND|AD	ANCO	ENSMUSG00000039521	7573644	7595245
Syp	chrX	7638471	7638472	+	CD	ANCO	ENSMUSG00000031144	7638471	7653256
Otc	chrX	10252305	10252306	+	CD|OD|ND|AD	ANCO	ENSMUSG00000031173	10252305	10321024
Maoa	chrX	16619698	16619699	+	CD|ND|AD	ANCO, DisGeNet	ENSMUSG00000025037	16619698	16687818
Smarca1	chrX	47892974	47892975	NA	NA	DisGeNet	ENSMUSG00000031099	47809368	47892974
Fgf13	chrX	59568071	59568072	-	CD|ND	ANCO	ENSMUSG00000031137	59062145	59568071
Sox3	chrX	60893430	60893431	-	CD|ND	ANCO	ENSMUSG00000045179	60891366	60893430
Ids	chrX	70365084	70365085	-	CD|ND|AD	ANCO	ENSMUSG00000035847	70343069	70365084
Mecp2	chrX	74135363	74135364	-	CD|OD|ND|AD	ANCO, DisGeNet	ENSMUSG00000031393	74026592	74135363
Msn	chrX	96096042	96096043	+	CD|OD|ND|AD	ANCO, DisGeNet	ENSMUSG00000031207	96096042	96168552
Ar	chrX	98148769	98148770	+	CD|OD|ND|AD	ANCO	ENSMUSG00000046532	98148769	98323215
Nlgn3	chrX	101299168	101299169	+	CD	ANCO	ENSMUSG00000031302	101299168	101325963
Plp1	chrX	136822671	136822672	+	CD|ND|AD	ANCO, DisGeNet	ENSMUSG00000031425	136822671	136839733
Htr2c	chrX	146962513	146962514	+	CD|ND|AD	ANCO, DisGeNet	ENSMUSG00000041380	146962513	147197277
Nhs	chrX	162159730	162159731	-	CD|OD|ND|AD	ANCO	ENSMUSG00000059493	161833296	162159730
Pir	chrX	164269371	164269372	+	CD|ND|AD	ANCO	ENSMUSG00000031379	164269371	164373011
